study,name,label,label_de,description,description_de
soep-base,bleib,,,,
soep-base,dauer,,,,
soep-base,fkgew,,,,
soep-base,fkstil01,,,,
soep-base,fkstil02,,,,
soep-base,hakt01a,,,,
soep-base,hakt01b,,,,
soep-base,hakt01c,,,,
soep-base,hakt01d,,,,
soep-base,hakt02a,,,,
soep-base,hakt02b,,,,
soep-base,hakt02c,,,,
soep-base,hakt02d,,,,
soep-base,hakt03a,,,,
soep-base,hakt03b,,,,
soep-base,hakt03c,,,,
soep-base,hakt03d,,,,
soep-base,hakt04a,,,,
soep-base,hakt04b,,,,
soep-base,hakt04c,,,,
soep-base,hakt04d,,,,
soep-base,hakt05a,,,,
soep-base,hakt05b,,,,
soep-base,hakt05c,,,,
soep-base,hakt05d,,,,
soep-base,hakt06a,,,,
soep-base,hakt06b,,,,
soep-base,hakt06c,,,,
soep-base,hakt06d,,,,
soep-base,hakt07a,,,,
soep-base,hakt07b,,,,
soep-base,hakt07c,,,,
soep-base,hakt07d,,,,
soep-base,hakt08a,,,,
soep-base,hakt08b,,,,
soep-base,hakt08c,,,,
soep-base,hakt08d,,,,
soep-base,hakt09a,,,,
soep-base,hakt09b,,,,
soep-base,hakt09c,,,,
soep-base,hakt09d,,,,
soep-base,hakt10a,,,,
soep-base,hakt10b,,,,
soep-base,hakt10c,,,,
soep-base,hakt10d,,,,
soep-base,hakt11a,,,,
soep-base,hakt11b,,,,
soep-base,hakt11c,,,,
soep-base,hakt11d,,,,
soep-base,hakt12a,,,,
soep-base,hakt12b,,,,
soep-base,hakt12c,,,,
soep-base,hakt12d,,,,
soep-base,hakt13a,,,,
soep-base,hakt13b,,,,
soep-base,hakt13c,,,,
soep-base,hakt13d,,,,
soep-base,hakt14a,,,,
soep-base,hakt14b,,,,
soep-base,hakt14c,,,,
soep-base,hakt14d,,,,
soep-base,hakt15a,,,,
soep-base,hakt15b,,,,
soep-base,hakt15c,,,,
soep-base,hakt15d,,,,
soep-base,hakt16a,,,,
soep-base,hakt16b,,,,
soep-base,hakt16c,,,,
soep-base,hakt16d,,,,
soep-base,hakt17a,,,,
soep-base,hakt17b,,,,
soep-base,hakt17c,,,,
soep-base,hakt17d,,,,
soep-base,hakt18a,,,,
soep-base,hakt18b,,,,
soep-base,hakt18c,,,,
soep-base,hakt18d,,,,
soep-base,hakt19a,,,,
soep-base,hakt19b,,,,
soep-base,hakt19c,,,,
soep-base,hakt19d,,,,
soep-base,haus01a,,,,
soep-base,haus01b,,,,
soep-base,haus01c,,,,
soep-base,haus01ka,,,,
soep-base,haus02a,,,,
soep-base,haus02b,,,,
soep-base,haus02c,,,,
soep-base,haus02ka,,,,
soep-base,haus03a,,,,
soep-base,haus03b,,,,
soep-base,haus03c,,,,
soep-base,haus03ka,,,,
soep-base,haus04a,,,,
soep-base,haus04b,,,,
soep-base,haus04c,,,,
soep-base,haus04ka,,,,
soep-base,haus05a,,,,
soep-base,haus05b,,,,
soep-base,haus05c,,,,
soep-base,haus05ka,,,,
soep-base,haus06a,,,,
soep-base,haus06b,,,,
soep-base,haus06c,,,,
soep-base,haus06ka,,,,
soep-base,haus07a,,,,
soep-base,haus07b,,,,
soep-base,haus07c,,,,
soep-base,haus07ka,,,,
soep-base,haus08a,,,,
soep-base,haus08b,,,,
soep-base,haus08c,,,,
soep-base,haus08ka,,,,
soep-base,haus09a,,,,
soep-base,haus09b,,,,
soep-base,haus09c,,,,
soep-base,haus09ka,,,,
soep-base,haus10a,,,,
soep-base,haus10b,,,,
soep-base,haus10c,,,,
soep-base,haus10ka,,,,
soep-base,haus11a,,,,
soep-base,haus11b,,,,
soep-base,haus11c,,,,
soep-base,haus11ka,,,,
soep-base,haus12a,,,,
soep-base,haus12b,,,,
soep-base,haus12c,,,,
soep-base,haus12ka,,,,
soep-base,haus13a,,,,
soep-base,haus13b,,,,
soep-base,haus13c,,,,
soep-base,haus13ka,,,,
soep-base,haus14a,,,,
soep-base,haus14b,,,,
soep-base,haus14c,,,,
soep-base,haus14ka,,,,
soep-base,haus15a,,,,
soep-base,haus15b,,,,
soep-base,haus15c,,,,
soep-base,haus15ka,,,,
soep-base,haus16a,,,,
soep-base,haus16b,,,,
soep-base,haus16c,,,,
soep-base,haus16ka,,,,
soep-base,hausl,,,,
soep-base,hbau1,,,,
soep-base,hbau10,,,,
soep-base,hbau11,,,,
soep-base,hbau2,,,,
soep-base,hbau3,,,,
soep-base,hbau4,,,,
soep-base,hbau5,,,,
soep-base,hbau6,,,,
soep-base,hbau7,,,,
soep-base,hbau8,,,,
soep-base,hbau9,,,,
soep-base,hbet1a,,,,
soep-base,hbet1b,,,,
soep-base,hbet1c,,,,
soep-base,hbet1d,,,,
soep-base,hbet2a,,,,
soep-base,hbet2b,,,,
soep-base,hbet2c,,,,
soep-base,hbet2d,,,,
soep-base,hbet3a,,,,
soep-base,hbet3b,,,,
soep-base,hbet3c,,,,
soep-base,hbet3d,,,,
soep-base,hbet4a,,,,
soep-base,hbet4b,,,,
soep-base,hbet4c,,,,
soep-base,hbet4d,,,,
soep-base,hbet5a,,,,
soep-base,hbet5b,,,,
soep-base,hbet5c,,,,
soep-base,hbet5d,,,,
soep-base,hbuch,,,,
soep-base,hcity,,,,
soep-base,hdag1,,,,
soep-base,hdag2,,,,
soep-base,hdatm,,,,
soep-base,hdatt,,,,
soep-base,hdauer1,,,,
soep-base,hdauer2,,,,
soep-base,hdgs1,,,,
soep-base,hdgs2,,,,
soep-base,hdkg1,,,,
soep-base,hdkg2,,,,
soep-base,hdkg3,,,,
soep-base,hdkz1,,,,
soep-base,hdkz2,,,,
soep-base,hdno,,,,
soep-base,hdpg1,,,,
soep-base,hdpg2,,,,
soep-base,hdsh1,,,,
soep-base,hdsh2,,,,
soep-base,hdwg1,,,,
soep-base,hdwg2,,,,
soep-base,he01,,,,
soep-base,he02,,,,
soep-base,he03,,,,
soep-base,he04,,,,
soep-base,he05,,,,
soep-base,he06,,,,
soep-base,he07,,,,
soep-base,he08,,,,
soep-base,he09,,,,
soep-base,he10,,,,
soep-base,he13,,,,
soep-base,he14,,,,
soep-base,he16,,,,
soep-base,hein1a,,,,
soep-base,hein1b,,,,
soep-base,hein1c,,,,
soep-base,hein1d,,,,
soep-base,hein1sa,,,,
soep-base,hein1sb,,,,
soep-base,hein1sc,,,,
soep-base,hein1sd,,,,
soep-base,hein3a,,,,
soep-base,hein3b,,,,
soep-base,hein3c,,,,
soep-base,hein3d,,,,
soep-base,hein4a,,,,
soep-base,hein4b,,,,
soep-base,hein4c,,,,
soep-base,hein4d,,,,
soep-base,hein9a,,,,
soep-base,hein9b,,,,
soep-base,hein9c,,,,
soep-base,hein9d,,,,
soep-base,hew1,,,,
soep-base,hew2,,,,
soep-base,hew3,,,,
soep-base,hew4,,,,
soep-base,hform,,,,
soep-base,hfuss01,,,,
soep-base,hfuss02,,,,
soep-base,hfuss03,,,,
soep-base,hfuss04,,,,
soep-base,hfuss05,,,,
soep-base,hfuss06,,,,
soep-base,hfuss07,,,,
soep-base,hfuss08,,,,
soep-base,hfuss09,,,,
soep-base,hfuss10,,,,
soep-base,hfuss11,,,,
soep-base,hfuss12,,,,
soep-base,hgr,,,,
soep-base,hhbez,,,,
soep-base,hheim,,,,
soep-base,hhil1,,,,
soep-base,hhil2,,,,
soep-base,hhil3,,,,
soep-base,hhil4,,,,
soep-base,hhilka,,,,
soep-base,hhnr,,,,
soep-base,hhnr2008,,,,
soep-base,hhnr2009,,,,
soep-base,hhnr2010,,,,
soep-base,hhnr2012,,,,
soep-base,hhnrakt,,,,
soep-base,hhtyp,,,,
soep-base,hhvon1,,,,
soep-base,hhvon2,,,,
soep-base,hhvon3,,,,
soep-base,hhvon4,,,,
soep-base,hhvon5,,,,
soep-base,hhvon6,,,,
soep-base,hhvonka,,,,
soep-base,hi01,,,,
soep-base,hi01a,,,,
soep-base,hi01b,,,,
soep-base,hi01c,,,,
soep-base,hi02,,,,
soep-base,hi02a,,,,
soep-base,hi02b,,,,
soep-base,hi03,,,,
soep-base,hi03a,,,,
soep-base,hi03b,,,,
soep-base,hi05,,,,
soep-base,hi05a,,,,
soep-base,hi05b,,,,
soep-base,hi06,,,,
soep-base,hi06a,,,,
soep-base,hi06b,,,,
soep-base,hi07,,,,
soep-base,hi07a,,,,
soep-base,hi07b,,,,
soep-base,hi08,,,,
soep-base,hi08a,,,,
soep-base,hi08b,,,,
soep-base,hi09,,,,
soep-base,hi09a,,,,
soep-base,hi09b,,,,
soep-base,hi10,,,,
soep-base,hi10a,,,,
soep-base,hi10b,,,,
soep-base,hi11,,,,
soep-base,hi11a,,,,
soep-base,hi11b,,,,
soep-base,hi12,,,,
soep-base,hi12a,,,,
soep-base,hi12b,,,,
soep-base,hi13,,,,
soep-base,hi13a,,,,
soep-base,hi13b,,,,
soep-base,hi14,,,,
soep-base,hi14a,,,,
soep-base,hi14b,,,,
soep-base,hi15,,,,
soep-base,hi15a,,,,
soep-base,hi15b,,,,
soep-base,hi16,,,,
soep-base,hi16a,,,,
soep-base,hi16b,,,,
soep-base,hi17,,,,
soep-base,hi17a,,,,
soep-base,hi17b,,,,
soep-base,hi18,,,,
soep-base,hi18a,,,,
soep-base,hi18b,,,,
soep-base,hi19,,,,
soep-base,hi19a,,,,
soep-base,hi19b,,,,
soep-base,hi20,,,,
soep-base,hi20a,,,,
soep-base,hi20b,,,,
soep-base,hintnr,,,,
soep-base,hkgeba,,,,
soep-base,hkgebb,,,,
soep-base,hkgebc,,,,
soep-base,hkgebd,,,,
soep-base,hkind,,,,
soep-base,hknra,,,,
soep-base,hknrb,,,,
soep-base,hknrc,,,,
soep-base,hknrd,,,,
soep-base,hkont,,,,
soep-base,hkred1,,,,
soep-base,hkred2,,,,
soep-base,hkred3,,,,
soep-base,hkrim,,,,
soep-base,hlag1,,,,
soep-base,hlag2,,,,
soep-base,hlag3,,,,
soep-base,hleut,,,,
soep-base,hlgs1,,,,
soep-base,hlgs2,,,,
soep-base,hlgs3,,,,
soep-base,hlkg1,,,,
soep-base,hlkg2,,,,
soep-base,hlkg3,,,,
soep-base,hlkz1,,,,
soep-base,hlkz2,,,,
soep-base,hlkz3,,,,
soep-base,hlos1,,,,
soep-base,hlos2,,,,
soep-base,hlos3,,,,
soep-base,hlos4,,,,
soep-base,hlos5,,,,
soep-base,hloska,,,,
soep-base,hlpg1,,,,
soep-base,hlpg2,,,,
soep-base,hlpg3,,,,
soep-base,hlsh,,,,
soep-base,hlsh1,,,,
soep-base,hlsh2,,,,
soep-base,hlsh3,,,,
soep-base,hlsha,,,,
soep-base,hlsha1,,,,
soep-base,hlsha2,,,,
soep-base,hlshb,,,,
soep-base,hlshb1,,,,
soep-base,hlshb2,,,,
soep-base,hlshc,,,,
soep-base,hlshd,,,,
soep-base,hlshd1,,,,
soep-base,hlshd2,,,,
soep-base,hlshka,,,,
soep-base,hlwg1,,,,
soep-base,hlwg2,,,,
soep-base,hlwg3,,,,
soep-base,hm01,,,,
soep-base,hm02,,,,
soep-base,hm03,,,,
soep-base,hm04,,,,
soep-base,hm05,,,,
soep-base,hm06,,,,
soep-base,hm07,,,,
soep-base,hm08,,,,
soep-base,hm09,,,,
soep-base,hm10,,,,
soep-base,hm11,,,,
soep-base,hm12,,,,
soep-base,hm13,,,,
soep-base,hm14,,,,
soep-base,hm15,,,,
soep-base,hnach1,,,,
soep-base,hnach2,,,,
soep-base,hnetto,,,,
soep-base,hnr,,,,
soep-base,hpfleg,,,,
soep-base,hpfleg2,,,,
soep-base,hpfleg3,,,,
soep-base,hpfleg4,,,,
soep-base,hpfleg5,,,,
soep-base,hpflegz,,,,
soep-base,hpl,,,,
soep-base,hpmax,,,,
soep-base,hpnr,,,,
soep-base,hpstuf,,,,
soep-base,hputz,,,,
soep-base,hputz2,,,,
soep-base,hqm,,,,
soep-base,hraum,,,,
soep-base,hrf,,,,
soep-base,hspar1,,,,
soep-base,hspar2,,,,
soep-base,hspar3,,,,
soep-base,hspar4,,,,
soep-base,hspar5,,,,
soep-base,hspar6,,,,
soep-base,hspar7,,,,
soep-base,hspar8,,,,
soep-base,hsparka,,,,
soep-base,htier1,,,,
soep-base,htier2,,,,
soep-base,htier3,,,,
soep-base,htier4,,,,
soep-base,htier5,,,,
soep-base,htier6,,,,
soep-base,htier7,,,,
soep-base,humb,,,,
soep-base,humw1,,,,
soep-base,humw2,,,,
soep-base,humw3,,,,
soep-base,humw4,,,,
soep-base,humw5,,,,
soep-base,humw6,,,,
soep-base,humz01,,,,
soep-base,humz02,,,,
soep-base,humz03,,,,
soep-base,humz04,,,,
soep-base,humz05,,,,
soep-base,humz06,,,,
soep-base,humz07,,,,
soep-base,humz08,,,,
soep-base,humz09,,,,
soep-base,humz10,,,,
soep-base,humz11,,,,
soep-base,humz12,,,,
soep-base,humz13,,,,
soep-base,humz14,,,,
soep-base,humz15,,,,
soep-base,humz16,,,,
soep-base,humz17,,,,
soep-base,hunt1,,,,
soep-base,hunt2,,,,
soep-base,hunt3,,,,
soep-base,hunt4,,,,
soep-base,hverm1,,,,
soep-base,hverm2,,,,
soep-base,hverm3,,,,
soep-base,hverm4,,,,
soep-base,hverm5,,,,
soep-base,hverm6,,,,
soep-base,hvj,,,,
soep-base,hwa1,,,,
soep-base,hwa2,,,,
soep-base,hwa3,,,,
soep-base,hwa4,,,,
soep-base,hwa5,,,,
soep-base,hwa6,,,,
soep-base,hwa7,,,,
soep-base,hwa8,,,,
soep-base,hwa9,,,,
soep-base,hwaka,,,,
soep-base,hwj,,,,
soep-base,hwm,,,,
soep-base,hwohn01,,,,
soep-base,hwohn02,,,,
soep-base,hwohn03,,,,
soep-base,hwohn04,,,,
soep-base,hwohn05,,,,
soep-base,hwohn06,,,,
soep-base,hwohn07,,,,
soep-base,hwohn08,,,,
soep-base,hwohn09,,,,
soep-base,hwohn09a,,,,
soep-base,hwohn10,,,,
soep-base,hwohn11,,,,
soep-base,hwohn12,,,,
soep-base,hwohn13,,,,
soep-base,hwohn14,,,,
soep-base,hwohn15,,,,
soep-base,hwohn16,,,,
soep-base,hwohn17,,,,
soep-base,hwohn18,,,,
soep-base,hwohn19,,,,
soep-base,hwohn20,,,,
soep-base,hwohn21,,,,
soep-base,hwohn22,,,,
soep-base,hwohn23,,,,
soep-base,hzins1,,,,
soep-base,hzins2,,,,
soep-base,hzuf,,,,
soep-base,hzus,,,,
soep-base,jahr,,,,
soep-base,l1amt,,,,
soep-base,l1ang,,,,
soep-base,l1arb,,,,
soep-base,l1aus,,,,
soep-base,l1erw,,,,
soep-base,l1ka,,,,
soep-base,l1no,,,,
soep-base,l1noch,,,,
soep-base,l1oed,,,,
soep-base,l1sst1,,,,
soep-base,l1sst2,,,,
soep-base,l1sst3,,,,
soep-base,l1sst4,,,,
soep-base,l2wohn1,,,,
soep-base,l2wohn2,,,,
soep-base,l2wohn3,,,,
soep-base,l2wohn4,,,,
soep-base,lab01,,,,
soep-base,lab02,,,,
soep-base,lab02a,,,,
soep-base,lab02b,,,,
soep-base,lab03,,,,
soep-base,lab03a,,,,
soep-base,lab03b,,,,
soep-base,lab04,,,,
soep-base,lab05,,,,
soep-base,lab06,,,,
soep-base,lab07,,,,
soep-base,lab07a,,,,
soep-base,lab07b,,,,
soep-base,lab08,,,,
soep-base,lab08ka,,,,
soep-base,lab09,,,,
soep-base,lab10,,,,
soep-base,lab11,,,,
soep-base,lab12,,,,
soep-base,lab13,,,,
soep-base,lab14,,,,
soep-base,lab15,,,,
soep-base,lab15ka,,,,
soep-base,lab16,,,,
soep-base,lab17,,,,
soep-base,lab18,,,,
soep-base,lab19,,,,
soep-base,lab20,,,,
soep-base,lab21,,,,
soep-base,lab22,,,,
soep-base,lab23,,,,
soep-base,lab24,,,,
soep-base,lab25,,,,
soep-base,lab26,,,,
soep-base,lab26ka,,,,
soep-base,lal10a,,,,
soep-base,lal10b,,,,
soep-base,lal10c,,,,
soep-base,lalnw,,,,
soep-base,lamt,,,,
soep-base,lang,,,,
soep-base,larb,,,,
soep-base,lazubi,,,,
soep-base,lberka,,,,
soep-base,lbesch10a,,,,
soep-base,lbesch10b,,,,
soep-base,lbund,,,,
soep-base,ldatm,,,,
soep-base,ldatt,,,,
soep-base,ldauer1,,,,
soep-base,ldauer2,,,,
soep-base,lehe,,,,
soep-base,lehe1a,,,,
soep-base,lehe1b,,,,
soep-base,lehe1c,,,,
soep-base,lehe2a,,,,
soep-base,lehe2b,,,,
soep-base,lehe2c,,,,
soep-base,lehe3a,,,,
soep-base,lehe3b,,,,
soep-base,lehe3c,,,,
soep-base,lend,,,,
soep-base,lendj,,,,
soep-base,lendm,,,,
soep-base,lerw,,,,
soep-base,lerwla,,,,
soep-base,lform,,,,
soep-base,lfsj,,,,
soep-base,lgeb,,,,
soep-base,lgebmo,,,,
soep-base,lgeka,,,,
soep-base,lgesch1,,,,
soep-base,lgesch2,,,,
soep-base,lgesch3,,,,
soep-base,lgesch4,,,,
soep-base,lgesch5,,,,
soep-base,lgesch6,,,,
soep-base,lgesch7,,,,
soep-base,lgesch8,,,,
soep-base,lintnr,,,,
soep-base,lj01,,,,
soep-base,lj02,,,,
soep-base,lj03,,,,
soep-base,lj04,,,,
soep-base,lj05,,,,
soep-base,lj06,,,,
soep-base,lj07,,,,
soep-base,lj08,,,,
soep-base,lj09,,,,
soep-base,lj10,,,,
soep-base,lj11,,,,
soep-base,lkal1,,,,
soep-base,lkal2,,,,
soep-base,lkal3,,,,
soep-base,lkal4,,,,
soep-base,lkal5,,,,
soep-base,lkal6,,,,
soep-base,lkal7,,,,
soep-base,lkal8,,,,
soep-base,lkal9,,,,
soep-base,lkgeb1,,,,
soep-base,lkgeb2,,,,
soep-base,lkgeb3,,,,
soep-base,lkgeb4,,,,
soep-base,lkgeb5,,,,
soep-base,lkgeb6,,,,
soep-base,lkgeb7,,,,
soep-base,lkgeb8,,,,
soep-base,lkh01,,,,
soep-base,lkh02,,,,
soep-base,lkh03,,,,
soep-base,lkh04,,,,
soep-base,lkh05,,,,
soep-base,lkh06,,,,
soep-base,lkh07,,,,
soep-base,lkh08,,,,
soep-base,lkh09,,,,
soep-base,lkh10,,,,
soep-base,lkhka,,,,
soep-base,lkind,,,,
soep-base,lkno,,,,
soep-base,lksex1,,,,
soep-base,lksex2,,,,
soep-base,lksex3,,,,
soep-base,lksex4,,,,
soep-base,lksex5,,,,
soep-base,lksex6,,,,
soep-base,lksex7,,,,
soep-base,lksex8,,,,
soep-base,lkwo1,,,,
soep-base,lkwo2,,,,
soep-base,lkwo3,,,,
soep-base,lkwo4,,,,
soep-base,lkwo5,,,,
soep-base,lkwo6,,,,
soep-base,lkwo7,,,,
soep-base,lkwo8,,,,
soep-base,lleib1,,,,
soep-base,lleib2,,,,
soep-base,lleib3,,,,
soep-base,lleib4,,,,
soep-base,lleist,,,,
soep-base,lm01,,,,
soep-base,lm02,,,,
soep-base,lm03,,,,
soep-base,lm03a,,,,
soep-base,lm03bnr,,,,
soep-base,lm04,,,,
soep-base,lm05,,,,
soep-base,lm06,,,,
soep-base,lm08,,,,
soep-base,lm09,,,,
soep-base,lm10,,,,
soep-base,lm11,,,,
soep-base,lm12,,,,
soep-base,lm13,,,,
soep-base,lmusi,,,,
soep-base,loed,,,,
soep-base,lsab,,,,
soep-base,lsab1,,,,
soep-base,lsab10,,,,
soep-base,lsab11,,,,
soep-base,lsab12,,,,
soep-base,lsab2,,,,
soep-base,lsab3,,,,
soep-base,lsab4,,,,
soep-base,lsab5,,,,
soep-base,lsab7,,,,
soep-base,lsab7x,,,,
soep-base,lsab7y,,,,
soep-base,lsch1,,,,
soep-base,lsch2,,,,
soep-base,lsch3,,,,
soep-base,lsp1,,,,
soep-base,lsp3,,,,
soep-base,lspcode,,,,
soep-base,lsst,,,,
soep-base,lsst1,,,,
soep-base,lsst2,,,,
soep-base,lsst3,,,,
soep-base,lsst4,,,,
soep-base,lsta1,,,,
soep-base,lsta2nr,,,,
soep-base,lstd,,,,
soep-base,lstrm,,,,
soep-base,lstrv,,,,
soep-base,lv01,,,,
soep-base,lv02,,,,
soep-base,lv03,,,,
soep-base,lv03a,,,,
soep-base,lv03bnr,,,,
soep-base,lv04,,,,
soep-base,lv05,,,,
soep-base,lv06,,,,
soep-base,lv08,,,,
soep-base,lv09,,,,
soep-base,lv10,,,,
soep-base,lv11,,,,
soep-base,lv12,,,,
soep-base,lv13,,,,
soep-base,lvm,,,,
soep-base,lwehr1,,,,
soep-base,lwehr2,,,,
soep-base,lwehr3,,,,
soep-base,lwexl1,,,,
soep-base,lwexl2,,,,
soep-base,lwied,,,,
soep-base,lwohnj,,,,
soep-base,lwohnm,,,,
soep-base,lzug01,,,,
soep-base,lzug02,,,,
soep-base,lzug03,,,,
soep-base,lzug04,,,,
soep-base,lzug05,,,,
soep-base,lzug06,,,,
soep-base,lzug07,,,,
soep-base,lzug08,,,,
soep-base,lzug09,,,,
soep-base,lzug10,,,,
soep-base,lzug11,,,,
soep-base,lzug12,,,,
soep-base,lzug13,,,,
soep-base,lzug14,,,,
soep-base,lzug15,,,,
soep-base,lzug16,,,,
soep-base,lzug17,,,,
soep-base,lzug18,,,,
soep-base,lzug19,,,,
soep-base,lzug20,,,,
soep-base,lzug21,,,,
soep-base,lzug22,,,,
soep-base,lzug23,,,,
soep-base,lzug24,,,,
soep-base,mpi,,,,
soep-base,mpi_id,,,,
soep-base,nkidpz,,,,
soep-base,nkidpznum,,,,
soep-base,p7tag,,,,
soep-base,pab1,,,,
soep-base,pab2,,,,
soep-base,pab3,,,,
soep-base,pab4,,,,
soep-base,pab4a,,,,
soep-base,pab5,,,,
soep-base,pab6,,,,
soep-base,pab6nr1,,,,
soep-base,pab6nr2,,,,
soep-base,pab7,,,,
soep-base,pab7nr,,,,
soep-base,pabka1,,,,
soep-base,pabka2,,,,
soep-base,pabs01,,,,
soep-base,pabs02,,,,
soep-base,pabs03,,,,
soep-base,pabs04,,,,
soep-base,pabs05,,,,
soep-base,pabs06,,,,
soep-base,pabs07,,,,
soep-base,pabs08,,,,
soep-base,pabs09,,,,
soep-base,pabs10,,,,
soep-base,pabs11,,,,
soep-base,pabs12,,,,
soep-base,pabs13,,,,
soep-base,pabs14,,,,
soep-base,pabs15,,,,
soep-base,palk1,,,,
soep-base,palk2,,,,
soep-base,palk3,,,,
soep-base,palk4,,,,
soep-base,palo,,,,
soep-base,palt1,,,,
soep-base,palt2,,,,
soep-base,pamt,,,,
soep-base,pang,,,,
soep-base,par1,,,,
soep-base,par2,,,,
soep-base,par3,,,,
soep-base,par4,,,,
soep-base,par5,,,,
soep-base,par6,,,,
soep-base,par7,,,,
soep-base,par8,,,,
soep-base,parb,,,,
soep-base,parka,,,,
soep-base,parla1,,,,
soep-base,parla2,,,,
soep-base,parla3,,,,
soep-base,parla4,,,,
soep-base,parla5,,,,
soep-base,parla6,,,,
soep-base,parla7,,,,
soep-base,parla8,,,,
soep-base,parla9,,,,
soep-base,parso,,,,
soep-base,part,,,,
soep-base,paus1,,,,
soep-base,paus2,,,,
soep-base,paus3,,,,
soep-base,paus3a,,,,
soep-base,paus4,,,,
soep-base,paus5,,,,
soep-base,pauska,,,,
soep-base,paz01,,,,
soep-base,paz02,,,,
soep-base,paz03,,,,
soep-base,paz04,,,,
soep-base,paz05,,,,
soep-base,paz06,,,,
soep-base,paz07,,,,
soep-base,paz08,,,,
soep-base,paz09,,,,
soep-base,paz10,,,,
soep-base,paz11,,,,
soep-base,paz12,,,,
soep-base,paz14,,,,
soep-base,paz15,,,,
soep-base,paz16,,,,
soep-base,paz17,,,,
soep-base,paz18,,,,
soep-base,pazubi,,,,
soep-base,pbefr1,,,,
soep-base,pbefr2,,,,
soep-base,pbeh1,,,,
soep-base,pbeh2,,,,
soep-base,pbei,,,,
soep-base,pberaus,,,,
soep-base,pberja,,,,
soep-base,pberka,,,,
soep-base,pbez01,,,,
soep-base,pbez02,,,,
soep-base,pbez03,,,,
soep-base,pbez04,,,,
soep-base,pbez05,,,,
soep-base,pbez06,,,,
soep-base,pbez07,,,,
soep-base,pbez08,,,,
soep-base,pbez09,,,,
soep-base,pbez10,,,,
soep-base,pbrut,,,,
soep-base,pdatm,,,,
soep-base,pdatt,,,,
soep-base,pdauer1,,,,
soep-base,pdauer2,,,,
soep-base,pddr01,,,,
soep-base,pddr02a,,,,
soep-base,pddr02b,,,,
soep-base,pddr02no,,,,
soep-base,pddr03a,,,,
soep-base,pddr03b,,,,
soep-base,pddr03no,,,,
soep-base,pddr04a,,,,
soep-base,pddr04b,,,,
soep-base,pddr04no,,,,
soep-base,pddr05a,,,,
soep-base,pddr05b,,,,
soep-base,pddr05no,,,,
soep-base,pddr05wn,,,,
soep-base,pddr06,,,,
soep-base,pddr071,,,,
soep-base,pddr072,,,,
soep-base,pddr073,,,,
soep-base,pdisk,,,,
soep-base,pdiske1,,,,
soep-base,pdiske2,,,,
soep-base,pdiske3,,,,
soep-base,pdiske4,,,,
soep-base,pdiskej,,,,
soep-base,pdiskeno,,,,
soep-base,pdiskgr,,,,
soep-base,pdr1,,,,
soep-base,pdr2,,,,
soep-base,pego01,,,,
soep-base,pego02,,,,
soep-base,pego03,,,,
soep-base,pego04,,,,
soep-base,pego05,,,,
soep-base,pego06,,,,
soep-base,pego07,,,,
soep-base,pego08,,,,
soep-base,pego09,,,,
soep-base,pego10,,,,
soep-base,pego11,,,,
soep-base,pego12,,,,
soep-base,pego13,,,,
soep-base,pego14,,,,
soep-base,pego15,,,,
soep-base,pego16,,,,
soep-base,pehe2a,,,,
soep-base,peinar1,,,,
soep-base,peinar2,,,,
soep-base,peinar3,,,,
soep-base,peink,,,,
soep-base,peinka,,,,
soep-base,peinsam1,,,,
soep-base,peinsam2,,,,
soep-base,peinsam3,,,,
soep-base,pek01,,,,
soep-base,pek011,,,,
soep-base,pek02,,,,
soep-base,pek021,,,,
soep-base,pek03,,,,
soep-base,pek031,,,,
soep-base,pek04,,,,
soep-base,pek05,,,,
soep-base,pek051,,,,
soep-base,pek06,,,,
soep-base,pek061,,,,
soep-base,pek07,,,,
soep-base,pek071,,,,
soep-base,pek08,,,,
soep-base,pek081,,,,
soep-base,pek09,,,,
soep-base,pek091,,,,
soep-base,pek10,,,,
soep-base,pek101,,,,
soep-base,pek11,,,,
soep-base,pek111,,,,
soep-base,pek18,,,,
soep-base,pek181,,,,
soep-base,pek19,,,,
soep-base,pek191,,,,
soep-base,pek20,,,,
soep-base,pek201,,,,
soep-base,pek21,,,,
soep-base,pek211,,,,
soep-base,pek22,,,,
soep-base,pek221,,,,
soep-base,pekno,,,,
soep-base,pend1,,,,
soep-base,pend2,,,,
soep-base,pend3,,,,
soep-base,pend4,,,,
soep-base,pend5,,,,
soep-base,pend6,,,,
soep-base,pend7,,,,
soep-base,pend8,,,,
soep-base,pend9,,,,
soep-base,pendka,,,,
soep-base,persnr,,,,
soep-base,perw,,,,
soep-base,perz,,,,
soep-base,pessen,,,,
soep-base,pfamst,,,,
soep-base,pfinsit01,,,,
soep-base,pfinsit02,,,,
soep-base,pflae01,,,,
soep-base,pflae02,,,,
soep-base,pflae03a,,,,
soep-base,pflae03b,,,,
soep-base,pform,,,,
soep-base,pfrei01,,,,
soep-base,pfrei02,,,,
soep-base,pfrei03,,,,
soep-base,pfrei04,,,,
soep-base,pfrei05,,,,
soep-base,pfrei06,,,,
soep-base,pfrei07,,,,
soep-base,pfrei08,,,,
soep-base,pfrei09,,,,
soep-base,pfrei10,,,,
soep-base,pfrei11,,,,
soep-base,pfrei12,,,,
soep-base,pfrei13,,,,
soep-base,pfrei14,,,,
soep-base,pfrei15,,,,
soep-base,pfrei16,,,,
soep-base,pfrei17,,,,
soep-base,pfrei18,,,,
soep-base,pfs011,,,,
soep-base,pfs012,,,,
soep-base,pfs013,,,,
soep-base,pfs021,,,,
soep-base,pfs022,,,,
soep-base,pfs023,,,,
soep-base,pfs031,,,,
soep-base,pfs032,,,,
soep-base,pfs033,,,,
soep-base,pfs041,,,,
soep-base,pfs042,,,,
soep-base,pfs043,,,,
soep-base,pfs051,,,,
soep-base,pfs052,,,,
soep-base,pfs053,,,,
soep-base,pfs061,,,,
soep-base,pfs062,,,,
soep-base,pfs063,,,,
soep-base,pfs071,,,,
soep-base,pfs072,,,,
soep-base,pfs073,,,,
soep-base,pfs081,,,,
soep-base,pfs082,,,,
soep-base,pfs083,,,,
soep-base,pfs091,,,,
soep-base,pfs092,,,,
soep-base,pfs093,,,,
soep-base,pfs101,,,,
soep-base,pfs102,,,,
soep-base,pfs103,,,,
soep-base,pfs111,,,,
soep-base,pfs112,,,,
soep-base,pfs113,,,,
soep-base,pfs121,,,,
soep-base,pfs122,,,,
soep-base,pfs123,,,,
soep-base,pfs131,,,,
soep-base,pfs132,,,,
soep-base,pfs133,,,,
soep-base,pfsno,,,,
soep-base,pfz1,,,,
soep-base,pfz10,,,,
soep-base,pfz11,,,,
soep-base,pfz12,,,,
soep-base,pfz13,,,,
soep-base,pfz14,,,,
soep-base,pfz2,,,,
soep-base,pfz3,,,,
soep-base,pfz4,,,,
soep-base,pfz5,,,,
soep-base,pfz6,,,,
soep-base,pfz7,,,,
soep-base,pfz8,,,,
soep-base,pfz9,,,,
soep-base,pgealt,,,,
soep-base,pged,,,,
soep-base,pgef1,,,,
soep-base,pgef10,,,,
soep-base,pgef2,,,,
soep-base,pgef3,,,,
soep-base,pgef4,,,,
soep-base,pgef5,,,,
soep-base,pgef6,,,,
soep-base,pgef7,,,,
soep-base,pgef8,,,,
soep-base,pgef9,,,,
soep-base,pges01,,,,
soep-base,pges02,,,,
soep-base,pges03,,,,
soep-base,pges04,,,,
soep-base,pges05,,,,
soep-base,pges06,,,,
soep-base,pges07,,,,
soep-base,pges08,,,,
soep-base,pges09,,,,
soep-base,pges10,,,,
soep-base,pges11,,,,
soep-base,pges12,,,,
soep-base,pges13,,,,
soep-base,pges14a,,,,
soep-base,pgesunt,,,,
soep-base,pgift1,,,,
soep-base,pgift2,,,,
soep-base,pgift3,,,,
soep-base,pgr,,,,
soep-base,phaus1,,,,
soep-base,phaus2,,,,
soep-base,phaus3,,,,
soep-base,pher1,,,,
soep-base,pher2,,,,
soep-base,pher3,,,,
soep-base,pher4,,,,
soep-base,pimp,,,,
soep-base,pintnr,,,,
soep-base,pjob01,,,,
soep-base,pjob02,,,,
soep-base,pjob03,,,,
soep-base,pjob12,,,,
soep-base,pjob13,,,,
soep-base,pjob14,,,,
soep-base,pjob15,,,,
soep-base,pjobno,,,,
soep-base,pkal01,,,,
soep-base,pkal02,,,,
soep-base,pkal03,,,,
soep-base,pkal04,,,,
soep-base,pkal05,,,,
soep-base,pkal06,,,,
soep-base,pkal07,,,,
soep-base,pkal08,,,,
soep-base,pkal09,,,,
soep-base,pkal09a,,,,
soep-base,pkal10,,,,
soep-base,pkal11,,,,
soep-base,pkal12,,,,
soep-base,pkal13,,,,
soep-base,pkilo,,,,
soep-base,pkkw,,,,
soep-base,pkkw1,,,,
soep-base,pkontp1,,,,
soep-base,pkontp2,,,,
soep-base,pkontp3,,,,
soep-base,pkontp4,,,,
soep-base,pkontp5,,,,
soep-base,pkontt1,,,,
soep-base,pkontt2,,,,
soep-base,pkontt3,,,,
soep-base,pkontt4,,,,
soep-base,pkontt5,,,,
soep-base,pkr1,,,,
soep-base,pkr10,,,,
soep-base,pkr10a,,,,
soep-base,pkr11,,,,
soep-base,pkr11a,,,,
soep-base,pkr12,,,,
soep-base,pkr12a,,,,
soep-base,pkr13,,,,
soep-base,pkr13a,,,,
soep-base,pkr14,,,,
soep-base,pkr14a,,,,
soep-base,pkr15,,,,
soep-base,pkr15a,,,,
soep-base,pkr16,,,,
soep-base,pkr16a,,,,
soep-base,pkr17,,,,
soep-base,pkr18,,,,
soep-base,pkr19,,,,
soep-base,pkr2,,,,
soep-base,pkr20,,,,
soep-base,pkr21,,,,
soep-base,pkr22,,,,
soep-base,pkr23,,,,
soep-base,pkr23a,,,,
soep-base,pkr24,,,,
soep-base,pkr24a,,,,
soep-base,pkr25,,,,
soep-base,pkr25a,,,,
soep-base,pkr3,,,,
soep-base,pkr4,,,,
soep-base,pkr4w1,,,,
soep-base,pkr4w2,,,,
soep-base,pkr4wno,,,,
soep-base,pkr5,,,,
soep-base,pkr6,,,,
soep-base,pkr7,,,,
soep-base,pkr7a,,,,
soep-base,pkr8,,,,
soep-base,pkr8a,,,,
soep-base,pkr9,,,,
soep-base,pkr9a,,,,
soep-base,pkrno,,,,
soep-base,pkt01,,,,
soep-base,pkt02,,,,
soep-base,pkt03,,,,
soep-base,pkt04,,,,
soep-base,pkt05,,,,
soep-base,pkt06,,,,
soep-base,pkt07,,,,
soep-base,pkt08,,,,
soep-base,pkt09,,,,
soep-base,pktka,,,,
soep-base,pkurz,,,,
soep-base,pkv01,,,,
soep-base,pkv02,,,,
soep-base,pkv03,,,,
soep-base,pkv04,,,,
soep-base,pkv05,,,,
soep-base,pkv06,,,,
soep-base,pkv07,,,,
soep-base,pkv08,,,,
soep-base,pkv09,,,,
soep-base,pkv10,,,,
soep-base,pkv11,,,,
soep-base,pkv12,,,,
soep-base,pkvors1,,,,
soep-base,pkvors1a,,,,
soep-base,pkvors2,,,,
soep-base,pkvors2a,,,,
soep-base,pkvors3,,,,
soep-base,pkvors3a,,,,
soep-base,pkvors4,,,,
soep-base,pkvors4a,,,,
soep-base,pkvors5,,,,
soep-base,pkvors5a,,,,
soep-base,pkvors6,,,,
soep-base,pkvors6a,,,,
soep-base,pkvorsno,,,,
soep-base,pleist1,,,,
soep-base,pleist2,,,,
soep-base,pleist3,,,,
soep-base,pleist4,,,,
soep-base,pleist5,,,,
soep-base,plrstj,,,,
soep-base,plrstm,,,,
soep-base,pmas01,,,,
soep-base,pmas02,,,,
soep-base,pmas03,,,,
soep-base,pmas04,,,,
soep-base,pmas05,,,,
soep-base,pmas06,,,,
soep-base,pmas07,,,,
soep-base,pmas08,,,,
soep-base,pmas09,,,,
soep-base,pmas10,,,,
soep-base,pmas11,,,,
soep-base,pmusp1,,,,
soep-base,pmusp2,,,,
soep-base,pmusp3,,,,
soep-base,pmusp4,,,,
soep-base,pmusp5,,,,
soep-base,pmusp6,,,,
soep-base,pmusp7,,,,
soep-base,pna04,,,,
soep-base,pna09,,,,
soep-base,pna14,,,,
soep-base,pna15,,,,
soep-base,pnat01,,,,
soep-base,pnat02,,,,
soep-base,pnat05,,,,
soep-base,pnat09,,,,
soep-base,pnat10,,,,
soep-base,pnat11,,,,
soep-base,pnat12,,,,
soep-base,pnat13,,,,
soep-base,pnat14,,,,
soep-base,pnat15,,,,
soep-base,pnat16,,,,
soep-base,pnatnr,,,,
soep-base,pnatnra,,,,
soep-base,pnerw01,,,,
soep-base,pnerw02,,,,
soep-base,pnerw03,,,,
soep-base,pnerw04,,,,
soep-base,pnerw05,,,,
soep-base,pnerw06,,,,
soep-base,pnerw07,,,,
soep-base,pnerw08,,,,
soep-base,pnerw09,,,,
soep-base,pnerw10,,,,
soep-base,pnerw11,,,,
soep-base,pnerw12,,,,
soep-base,pnerw13,,,,
soep-base,pnerw14,,,,
soep-base,pnett,,,,
soep-base,pnr,,,,
soep-base,pnrfest,,,,
soep-base,pnte1,,,,
soep-base,pnte2,,,,
soep-base,pnte3,,,,
soep-base,pnte4,,,,
soep-base,pnte5,,,,
soep-base,poed,,,,
soep-base,popt1,,,,
soep-base,popt2,,,,
soep-base,popt3,,,,
soep-base,popt4,,,,
soep-base,popt5,,,,
soep-base,popt6,,,,
soep-base,pp1,,,,
soep-base,pp2,,,,
soep-base,ppfleg,,,,
soep-base,ppgeb,,,,
soep-base,ppgebmo,,,,
soep-base,ppkv01,,,,
soep-base,ppkv02,,,,
soep-base,ppkv03,,,,
soep-base,ppkv04,,,,
soep-base,ppkv05,,,,
soep-base,ppkv06,,,,
soep-base,ppkv09,,,,
soep-base,ppkv10,,,,
soep-base,ppkvgr1,,,,
soep-base,ppkvgr2,,,,
soep-base,ppkvgr3,,,,
soep-base,ppkvgr4,,,,
soep-base,ppkvgr5,,,,
soep-base,ppkvgr6,,,,
soep-base,ppkvgr7,,,,
soep-base,ppkvgrno,,,,
soep-base,ppkwzul01,,,,
soep-base,ppkwzul02,,,,
soep-base,ppnatnr,,,,
soep-base,ppnr,,,,
soep-base,ppol1,,,,
soep-base,ppol2,,,,
soep-base,ppol3,,,,
soep-base,ppol4,,,,
soep-base,ppol5,,,,
soep-base,ppol6,,,,
soep-base,ppol7,,,,
soep-base,ppoz1,,,,
soep-base,ppoz2,,,,
soep-base,ppoz3,,,,
soep-base,ppoz4,,,,
soep-base,ppsych,,,,
soep-base,prauch1,,,,
soep-base,prauch1a,,,,
soep-base,prauch2,,,,
soep-base,prauch2a,,,,
soep-base,prauch2b,,,,
soep-base,prauch3,,,,
soep-base,prauch3b,,,,
soep-base,prauch4,,,,
soep-base,prauch4b,,,,
soep-base,prauch8,,,,
soep-base,prauch9,,,,
soep-base,prauchka,,,,
soep-base,prauchkab,,,,
soep-base,prauchvb1,,,,
soep-base,prauchvb2,,,,
soep-base,prauchvb3,,,,
soep-base,prauchvb4,,,,
soep-base,prauchvb5,,,,
soep-base,prauchvb6,,,,
soep-base,prauchvbno,,,,
soep-base,precht01,,,,
soep-base,precht02,,,,
soep-base,precht03,,,,
soep-base,precht04,,,,
soep-base,precht05,,,,
soep-base,precht06,,,,
soep-base,precht07,,,,
soep-base,precht08,,,,
soep-base,precht09,,,,
soep-base,precht10,,,,
soep-base,precht11,,,,
soep-base,precht12,,,,
soep-base,precht13,,,,
soep-base,precht14,,,,
soep-base,precht15,,,,
soep-base,preg,,,,
soep-base,prel,,,,
soep-base,priest,,,,
soep-base,prisk,,,,
soep-base,prisk2,,,,
soep-base,prisk3,,,,
soep-base,prisk4,,,,
soep-base,prisk5,,,,
soep-base,prisk6,,,,
soep-base,prisk7,,,,
soep-base,prisk8,,,,
soep-base,psa1,,,,
soep-base,psa2,,,,
soep-base,psa3,,,,
soep-base,psa4,,,,
soep-base,psa5,,,,
soep-base,psa6,,,,
soep-base,psa7,,,,
soep-base,psa8,,,,
soep-base,psach11,,,,
soep-base,psach12,,,,
soep-base,psach13,,,,
soep-base,psach14,,,,
soep-base,psach21,,,,
soep-base,psach22,,,,
soep-base,psach23,,,,
soep-base,psach24,,,,
soep-base,psaka,,,,
soep-base,pschl1,,,,
soep-base,pschl1t,,,,
soep-base,pschl2,,,,
soep-base,pschl2t,,,,
soep-base,pseitj,,,,
soep-base,pseitm,,,,
soep-base,psex,,,,
soep-base,pso1,,,,
soep-base,pso2,,,,
soep-base,pso3,,,,
soep-base,pso4,,,,
soep-base,pso5,,,,
soep-base,pso6,,,,
soep-base,pso7,,,,
soep-base,pso8,,,,
soep-base,psoka,,,,
soep-base,pson01,,,,
soep-base,pson02,,,,
soep-base,pson03,,,,
soep-base,pson04,,,,
soep-base,pson05,,,,
soep-base,pson06,,,,
soep-base,pson07,,,,
soep-base,pson08,,,,
soep-base,pson09,,,,
soep-base,pson10,,,,
soep-base,pson11,,,,
soep-base,pson12,,,,
soep-base,pson13,,,,
soep-base,pson14,,,,
soep-base,psor01,,,,
soep-base,psor02,,,,
soep-base,psor03,,,,
soep-base,psor04,,,,
soep-base,psor05,,,,
soep-base,psor06,,,,
soep-base,psor07,,,,
soep-base,psor08,,,,
soep-base,psor09,,,,
soep-base,psor10,,,,
soep-base,psor12,,,,
soep-base,psor13,,,,
soep-base,psor14,,,,
soep-base,psor15,,,,
soep-base,psor16,,,,
soep-base,psor17,,,,
soep-base,psornr,,,,
soep-base,psp1,,,,
soep-base,psp3,,,,
soep-base,psp4,,,,
soep-base,psp6,,,,
soep-base,pspcode1,,,,
soep-base,pspcode2,,,,
soep-base,pspend1,,,,
soep-base,pspend2,,,,
soep-base,pspend3,,,,
soep-base,pspend4,,,,
soep-base,pspend5,,,,
soep-base,pspf1,,,,
soep-base,pspf3,,,,
soep-base,pspf6,,,,
soep-base,pspf7,,,,
soep-base,psst1,,,,
soep-base,psst2,,,,
soep-base,psst3,,,,
soep-base,psst4,,,,
soep-base,psta1,,,,
soep-base,psta2,,,,
soep-base,psta2nr,,,,
soep-base,psta3,,,,
soep-base,psti1,,,,
soep-base,psti2,,,,
soep-base,psti3,,,,
soep-base,psti4,,,,
soep-base,psuch1,,,,
soep-base,psuch2,,,,
soep-base,punt101,,,,
soep-base,punt102,,,,
soep-base,punt103,,,,
soep-base,punt104,,,,
soep-base,punt11,,,,
soep-base,punt12,,,,
soep-base,punt13,,,,
soep-base,punt14,,,,
soep-base,punt21,,,,
soep-base,punt22,,,,
soep-base,punt23,,,,
soep-base,punt24,,,,
soep-base,punt31,,,,
soep-base,punt32,,,,
soep-base,punt33,,,,
soep-base,punt34,,,,
soep-base,punt41,,,,
soep-base,punt42,,,,
soep-base,punt43,,,,
soep-base,punt44,,,,
soep-base,punt51,,,,
soep-base,punt52,,,,
soep-base,punt53,,,,
soep-base,punt54,,,,
soep-base,punt61,,,,
soep-base,punt62,,,,
soep-base,punt63,,,,
soep-base,punt64,,,,
soep-base,punt71,,,,
soep-base,punt72,,,,
soep-base,punt73,,,,
soep-base,punt74,,,,
soep-base,punt81,,,,
soep-base,punt82,,,,
soep-base,punt83,,,,
soep-base,punt84,,,,
soep-base,punt91,,,,
soep-base,punt92,,,,
soep-base,punt93,,,,
soep-base,punt94,,,,
soep-base,puntno,,,,
soep-base,puntno2,,,,
soep-base,purl1,,,,
soep-base,purl2,,,,
soep-base,purl3,,,,
soep-base,purl4,,,,
soep-base,purl5,,,,
soep-base,purl6,,,,
soep-base,purl7,,,,
soep-base,purl8,,,,
soep-base,pustd1,,,,
soep-base,pustd2,,,,
soep-base,pustd3,,,,
soep-base,pustd4,,,,
soep-base,pustd5,,,,
soep-base,pustd6,,,,
soep-base,pustd7,,,,
soep-base,pvek01,,,,
soep-base,pvek011,,,,
soep-base,pvek012,,,,
soep-base,pvek013,,,,
soep-base,pvek02,,,,
soep-base,pvek021,,,,
soep-base,pvek022,,,,
soep-base,pvek023,,,,
soep-base,pvek03,,,,
soep-base,pvek031,,,,
soep-base,pvek032,,,,
soep-base,pvek04,,,,
soep-base,pvek041,,,,
soep-base,pvek05,,,,
soep-base,pvek051,,,,
soep-base,pvek06,,,,
soep-base,pvek061,,,,
soep-base,pvek062,,,,
soep-base,pvek07,,,,
soep-base,pvek071,,,,
soep-base,pvek08,,,,
soep-base,pvek081,,,,
soep-base,pvek082,,,,
soep-base,pvek09,,,,
soep-base,pvek091,,,,
soep-base,pvek092,,,,
soep-base,pvek10,,,,
soep-base,pvek101,,,,
soep-base,pvek102,,,,
soep-base,pvek11,,,,
soep-base,pvek111,,,,
soep-base,pvek112,,,,
soep-base,pvek12,,,,
soep-base,pvek121,,,,
soep-base,pvek122,,,,
soep-base,pvek13,,,,
soep-base,pvek131,,,,
soep-base,pvek132,,,,
soep-base,pvek18,,,,
soep-base,pvek181,,,,
soep-base,pvek182,,,,
soep-base,pvek19,,,,
soep-base,pvek191,,,,
soep-base,pvek192,,,,
soep-base,pvekno,,,,
soep-base,pver01,,,,
soep-base,pver02,,,,
soep-base,pver03,,,,
soep-base,pver04,,,,
soep-base,pver05,,,,
soep-base,pver06,,,,
soep-base,pver07,,,,
soep-base,pver08,,,,
soep-base,pver09,,,,
soep-base,pver10,,,,
soep-base,pver11,,,,
soep-base,pvergl9,,,,
soep-base,pverh1,,,,
soep-base,pverh2,,,,
soep-base,pverh3,,,,
soep-base,pverh4,,,,
soep-base,pverl,,,,
soep-base,pverm1,,,,
soep-base,pverm2,,,,
soep-base,pverm3,,,,
soep-base,pverm4,,,,
soep-base,pvertr,,,,
soep-base,pverzu,,,,
soep-base,pvor1,,,,
soep-base,pvor2,,,,
soep-base,pvor3,,,,
soep-base,pwahl,,,,
soep-base,pwb008,,,,
soep-base,pwb01,,,,
soep-base,pwb12,,,,
soep-base,pwb13,,,,
soep-base,pwb14,,,,
soep-base,pwb15,,,,
soep-base,pwb161,,,,
soep-base,pwb162,,,,
soep-base,pwb163,,,,
soep-base,pwb171,,,,
soep-base,pwb172,,,,
soep-base,pwb173,,,,
soep-base,pwb181,,,,
soep-base,pwb182,,,,
soep-base,pwb183,,,,
soep-base,pwb191,,,,
soep-base,pwb192,,,,
soep-base,pwb193,,,,
soep-base,pwb2012008,,,,
soep-base,pwb202,,,,
soep-base,pwb203,,,,
soep-base,pwb211,,,,
soep-base,pwb212,,,,
soep-base,pwb213,,,,
soep-base,pwb221,,,,
soep-base,pwb222,,,,
soep-base,pwb223,,,,
soep-base,pwb231,,,,
soep-base,pwb232,,,,
soep-base,pwb233,,,,
soep-base,pwb241,,,,
soep-base,pwb242,,,,
soep-base,pwb243,,,,
soep-base,pwb251,,,,
soep-base,pwb252,,,,
soep-base,pwb253,,,,
soep-base,pwb261,,,,
soep-base,pwb262,,,,
soep-base,pwb263,,,,
soep-base,pwb271,,,,
soep-base,pwb272,,,,
soep-base,pwb273,,,,
soep-base,pwb281,,,,
soep-base,pwb282,,,,
soep-base,pwb283,,,,
soep-base,pwb291,,,,
soep-base,pwb292,,,,
soep-base,pwb293,,,,
soep-base,pwb301,,,,
soep-base,pwb302,,,,
soep-base,pwb303,,,,
soep-base,pwb311,,,,
soep-base,pwb312,,,,
soep-base,pwb313,,,,
soep-base,pwb321,,,,
soep-base,pwb322,,,,
soep-base,pwb323,,,,
soep-base,pwb331,,,,
soep-base,pwb332,,,,
soep-base,pwb333,,,,
soep-base,pwb341,,,,
soep-base,pwb342,,,,
soep-base,pwb343,,,,
soep-base,pwb351,,,,
soep-base,pwb352,,,,
soep-base,pwb353,,,,
soep-base,pwerk1,,,,
soep-base,pwerk2,,,,
soep-base,pwerk3,,,,
soep-base,pwerk4,,,,
soep-base,pwerk5,,,,
soep-base,pwerk6,,,,
soep-base,pwerk7,,,,
soep-base,pwerk8,,,,
soep-base,pwerkka,,,,
soep-base,pwexl1,,,,
soep-base,pwexl10,,,,
soep-base,pwexl11,,,,
soep-base,pwexl12,,,,
soep-base,pwexl13,,,,
soep-base,pwexl2,,,,
soep-base,pwexl3,,,,
soep-base,pwexl4,,,,
soep-base,pwexl5,,,,
soep-base,pwexl6,,,,
soep-base,pwexl7,,,,
soep-base,pwexl8,,,,
soep-base,pwexl9,,,,
soep-base,pwexlka,,,,
soep-base,pwich1,,,,
soep-base,pwich2,,,,
soep-base,pwich3,,,,
soep-base,pwich4,,,,
soep-base,pwich5,,,,
soep-base,pwich6,,,,
soep-base,pwich7,,,,
soep-base,pwich8,,,,
soep-base,pwich9,,,,
soep-base,pwohn1,,,,
soep-base,pwohn2,,,,
soep-base,pwohn3,,,,
soep-base,pwohn4,,,,
soep-base,pwohn5,,,,
soep-base,pwohnvb02,,,,
soep-base,pwohnvb03,,,,
soep-base,pwohnvb04,,,,
soep-base,pwohnvb05,,,,
soep-base,pwohnvb06,,,,
soep-base,pwohnvb07,,,,
soep-base,pwohnvb08,,,,
soep-base,pwohnvb09,,,,
soep-base,pwohnvb10,,,,
soep-base,pwohnvb11,,,,
soep-base,pwohnvb12,,,,
soep-base,pwort,,,,
soep-base,pwr1,,,,
soep-base,pwr2,,,,
soep-base,pwr3,,,,
soep-base,pwr4,,,,
soep-base,pwr5,,,,
soep-base,pwr6,,,,
soep-base,pwr7,,,,
soep-base,pwr8,,,,
soep-base,pwrka,,,,
soep-base,pwrla1,,,,
soep-base,pwrla2,,,,
soep-base,pwrla3,,,,
soep-base,pwrla4,,,,
soep-base,pwrla5,,,,
soep-base,pwrla6,,,,
soep-base,pwrla7,,,,
soep-base,pwrla8,,,,
soep-base,pwrla9,,,,
soep-base,pwrso,,,,
soep-base,pzaf,,,,
soep-base,pzahl,,,,
soep-base,pzahl2,,,,
soep-base,pzu01,,,,
soep-base,pzu02,,,,
soep-base,pzu03,,,,
soep-base,pzu04,,,,
soep-base,pzu05,,,,
soep-base,pzu06,,,,
soep-base,pzu07,,,,
soep-base,pzu08,,,,
soep-base,pzu09,,,,
soep-base,pzu10,,,,
soep-base,pzu11,,,,
soep-base,pzu15,,,,
soep-base,pzuf01,,,,
soep-base,pzuf02,,,,
soep-base,pzuf03,,,,
soep-base,pzuf04,,,,
soep-base,pzuf05,,,,
soep-base,pzuf06,,,,
soep-base,pzuf07,,,,
soep-base,pzuf08,,,,
soep-base,pzuf09,,,,
soep-base,pzuf12,,,,
soep-base,pzuf13,,,,
soep-base,pzuf14,,,,
soep-base,pzuf19,,,,
soep-base,pzuf20,,,,
soep-base,pzuf21,,,,
soep-base,pzufg1,,,,
soep-base,pzufg2,,,,
soep-base,pzufg3,,,,
soep-base,pzufgka,,,,
soep-base,pzufmo1,,,,
soep-base,pzufmo2,,,,
soep-base,pzufw1,,,,
soep-base,pzufw2,,,,
soep-base,pzufw3,,,,
soep-base,pzufw4,,,,
soep-base,pzufw5,,,,
soep-base,pzufw6,,,,
soep-base,pzufw7,,,,
soep-base,pzug01,,,,
soep-base,pzug02,,,,
soep-base,pzug03,,,,
soep-base,pzug04,,,,
soep-base,pzug05,,,,
soep-base,pzug06,,,,
soep-base,pzug07,,,,
soep-base,pzug09,,,,
soep-base,pzugnr,,,,
soep-base,pzule1,,,,
soep-base,pzule2,,,,
soep-base,pzule3,,,,
soep-base,pzus01,,,,
soep-base,pzus011,,,,
soep-base,pzus02,,,,
soep-base,pzus021,,,,
soep-base,pzus03,,,,
soep-base,pzus031,,,,
soep-base,pzus04,,,,
soep-base,pzus041,,,,
soep-base,pzus05,,,,
soep-base,pzus051,,,,
soep-base,pzus06,,,,
soep-base,pzus061,,,,
soep-base,pzus07,,,,
soep-base,pzus08,,,,
soep-base,pzus081,,,,
soep-base,pzus11,,,,
soep-base,pzus12,,,,
soep-base,respid,,,,
soep-base,sample1,,,,
soep-base,stichu,,,,
soep-base,urhh,,,,
soep-base,welle,,,,
soep-base,yausku,,,,
soep-base,yh0201,,,,
soep-base,yh0202,,,,
soep-base,yh0203,,,,
soep-base,yh0204,,,,
soep-base,yh0205,,,,
soep-base,yh0206,,,,
soep-base,yh0207,,,,
soep-base,yh0208,,,,
soep-base,yh0209,,,,
soep-base,yh0210,,,,
soep-base,yh0211,,,,
soep-base,yh0212,,,,
soep-base,yh0213,,,,
soep-base,yh0214,,,,
soep-base,yh0215,,,,
soep-base,yh0301,,,,
soep-base,yh0302,,,,
soep-base,yh0303,,,,
soep-base,yh0304,,,,
soep-base,yh0305,,,,
soep-base,yh0306,,,,
soep-base,yh0307,,,,
soep-base,yh0401,,,,
soep-base,yh0402,,,,
soep-base,yh05,,,,
soep-base,yh06,,,,
soep-base,yh07,,,,
soep-base,yh0801,,,,
soep-base,yh0802,,,,
soep-base,yh09,,,,
soep-base,yh10,,,,
soep-base,yh11,,,,
soep-base,yh12,,,,
soep-base,yh13,,,,
soep-base,yh1401,,,,
soep-base,yh1402,,,,
soep-base,yh1403,,,,
soep-base,yh1404,,,,
soep-base,yh1405,,,,
soep-base,yh1406,,,,
soep-base,yh1407,,,,
soep-base,yh1408,,,,
soep-base,yh1409,,,,
soep-base,yh1410,,,,
soep-base,yh1411,,,,
soep-base,yh1501,,,,
soep-base,yh1502,,,,
soep-base,yh1503,,,,
soep-base,yh1504,,,,
soep-base,yh1505,,,,
soep-base,yh1506,,,,
soep-base,yh16,,,,
soep-base,yh17,,,,
soep-base,yh18,,,,
soep-base,yh1901,,,,
soep-base,yh1902,,,,
soep-base,yh1903,,,,
soep-base,yh20,,,,
soep-base,yh21,,,,
soep-base,yh22,,,,
soep-base,yh2301,,,,
soep-base,yh2302,,,,
soep-base,yh24,,,,
soep-base,yh25,,,,
soep-base,yh2601,,,,
soep-base,yh2602,,,,
soep-base,yh2603,,,,
soep-base,yh2604,,,,
soep-base,yh27,,,,
soep-base,yh28,,,,
soep-base,yh29,,,,
soep-base,yh30,,,,
soep-base,yh31,,,,
soep-base,yh32,,,,
soep-base,yh33,,,,
soep-base,yh3401,,,,
soep-base,yh3402,,,,
soep-base,yh35,,,,
soep-base,yh3601,,,,
soep-base,yh3602,,,,
soep-base,yh3701,,,,
soep-base,yh3702,,,,
soep-base,yh38,,,,
soep-base,yh39,,,,
soep-base,yh4001,,,,
soep-base,yh4002,,,,
soep-base,yh4101,,,,
soep-base,yh4102,,,,
soep-base,yh42,,,,
soep-base,yh43,,,,
soep-base,yh44,,,,
soep-base,yh4501,,,,
soep-base,yh4502,,,,
soep-base,yh4503,,,,
soep-base,yh4504,,,,
soep-base,yh4505,,,,
soep-base,yh4506,,,,
soep-base,yh4507,,,,
soep-base,yh4508,,,,
soep-base,yh4509,,,,
soep-base,yh4510,,,,
soep-base,yh4601,,,,
soep-base,yh4602,,,,
soep-base,yh4701,,,,
soep-base,yh4702,,,,
soep-base,yh4703,,,,
soep-base,yh4704,,,,
soep-base,yh4705,,,,
soep-base,yh48,,,,
soep-base,yh4901,,,,
soep-base,yh4902,,,,
soep-base,yh4903,,,,
soep-base,yh4904,,,,
soep-base,yh4905,,,,
soep-base,yh4906,,,,
soep-base,yh4907,,,,
soep-base,yh4908,,,,
soep-base,yh4909,,,,
soep-base,yh4910,,,,
soep-base,yh4911,,,,
soep-base,yh4912,,,,
soep-base,yh4913,,,,
soep-base,yh5001,,,,
soep-base,yh5002,,,,
soep-base,yh5003,,,,
soep-base,yh5004,,,,
soep-base,yh5005,,,,
soep-base,yh5006,,,,
soep-base,yh5007,,,,
soep-base,yh5008,,,,
soep-base,yh5009,,,,
soep-base,yh5010,,,,
soep-base,yh5011,,,,
soep-base,yh5101,,,,
soep-base,yh5102,,,,
soep-base,yh5103,,,,
soep-base,yh5104,,,,
soep-base,yh5105,,,,
soep-base,yh5106,,,,
soep-base,yh5107,,,,
soep-base,yh5108,,,,
soep-base,yh5109,,,,
soep-base,yh5110,,,,
soep-base,yh5111,,,,
soep-base,yh5112,,,,
soep-base,yh5113,,,,
soep-base,yh5114,,,,
soep-base,yh5201,,,,
soep-base,yh5202,,,,
soep-base,yh5301,,,,
soep-base,yh5302,,,,
soep-base,yh5401,,,,
soep-base,yh5402,,,,
soep-base,yh5403,,,,
soep-base,yh5404,,,,
soep-base,yh5405,,,,
soep-base,yh5406,,,,
soep-base,yh5407,,,,
soep-base,yh5408,,,,
soep-base,yh5409,,,,
soep-base,yh5410,,,,
soep-base,yh5411,,,,
soep-base,yh5412,,,,
soep-base,yh5413,,,,
soep-base,yh5414,,,,
soep-base,yh5415,,,,
soep-base,yh5416,,,,
soep-base,yh5417,,,,
soep-base,yh5418,,,,
soep-base,yh5419,,,,
soep-base,yh5420,,,,
soep-base,yh5421,,,,
soep-base,yh5422,,,,
soep-base,yh5423,,,,
soep-base,yh5424,,,,
soep-base,yh5425,,,,
soep-base,yh5426,,,,
soep-base,yh5427,,,,
soep-base,yh5428,,,,
soep-base,yh5429,,,,
soep-base,yh5430,,,,
soep-base,yh5431,,,,
soep-base,yh5432,,,,
soep-base,yh55,,,,
soep-base,yh56,,,,
soep-base,yh5701,,,,
soep-base,yh5702,,,,
soep-base,yh5703,,,,
soep-base,yh5704,,,,
soep-base,yh5705,,,,
soep-base,yh5706,,,,
soep-base,yh5801,,,,
soep-base,yh5802,,,,
soep-base,yh5901,,,,
soep-base,yh5902,,,,
soep-base,yh5903,,,,
soep-base,yh5904,,,,
soep-base,yh5905,,,,
soep-base,yh5906,,,,
soep-base,yh5907,,,,
soep-base,yh5908,,,,
soep-base,yh5909,,,,
soep-base,yh60,,,,
soep-base,yh61,,,,
soep-base,yhhdaer1,,,,
soep-base,yhhdaer2,,,,
soep-base,yhhmonin,,,,
soep-base,yhhtagin,,,,
soep-base,yhintnr,,,,
soep-base,yhivform,,,,
soep-base,yhpmax,,,,
soep-base,yp0101,,,,
soep-base,yp0102,,,,
soep-base,yp0103,,,,
soep-base,yp0104,,,,
soep-base,yp0105,,,,
soep-base,yp0106,,,,
soep-base,yp0107,,,,
soep-base,yp0108,,,,
soep-base,yp0109,,,,
soep-base,yp0110,,,,
soep-base,yp0111,,,,
soep-base,yp0201,,,,
soep-base,yp0202,,,,
soep-base,yp0203,,,,
soep-base,yp0204,,,,
soep-base,yp0301,,,,
soep-base,yp0302,,,,
soep-base,yp0303,,,,
soep-base,yp04,,,,
soep-base,yp05,,,,
soep-base,yp06,,,,
soep-base,yp0701,,,,
soep-base,yp0702,,,,
soep-base,yp0703,,,,
soep-base,yp08,,,,
soep-base,yp09,,,,
soep-base,yp10,,,,
soep-base,yp100,,,,
soep-base,yp101,,,,
soep-base,yp10201,,,,
soep-base,yp10202,,,,
soep-base,yp10203,,,,
soep-base,yp10204,,,,
soep-base,yp10205,,,,
soep-base,yp10206,,,,
soep-base,yp10207,,,,
soep-base,yp10208,,,,
soep-base,yp10209,,,,
soep-base,yp10210,,,,
soep-base,yp10301,,,,
soep-base,yp10302,,,,
soep-base,yp104,,,,
soep-base,yp10501,,,,
soep-base,yp10502,,,,
soep-base,yp10503,,,,
soep-base,yp10504,,,,
soep-base,yp10601,,,,
soep-base,yp10602,,,,
soep-base,yp10603,,,,
soep-base,yp10604,,,,
soep-base,yp10605,,,,
soep-base,yp107,,,,
soep-base,yp108,,,,
soep-base,yp10901,,,,
soep-base,yp10902,,,,
soep-base,yp11,,,,
soep-base,yp11001,,,,
soep-base,yp11002,,,,
soep-base,yp111,,,,
soep-base,yp11201,,,,
soep-base,yp11202,,,,
soep-base,yp113,,,,
soep-base,yp11401,,,,
soep-base,yp11402,,,,
soep-base,yp115,,,,
soep-base,yp116,,,,
soep-base,yp117,,,,
soep-base,yp118,,,,
soep-base,yp119,,,,
soep-base,yp12001,,,,
soep-base,yp12002,,,,
soep-base,yp12003,,,,
soep-base,yp12004,,,,
soep-base,yp12005,,,,
soep-base,yp12006,,,,
soep-base,yp12007,,,,
soep-base,yp12008,,,,
soep-base,yp12009,,,,
soep-base,yp1201,,,,
soep-base,yp12010,,,,
soep-base,yp1202,,,,
soep-base,yp1203,,,,
soep-base,yp1204,,,,
soep-base,yp1205,,,,
soep-base,yp1206,,,,
soep-base,yp1207,,,,
soep-base,yp1208,,,,
soep-base,yp1209,,,,
soep-base,yp121,,,,
soep-base,yp12201,,,,
soep-base,yp12202,,,,
soep-base,yp12301,,,,
soep-base,yp12302,,,,
soep-base,yp12303,,,,
soep-base,yp12304,,,,
soep-base,yp12305,,,,
soep-base,yp12306,,,,
soep-base,yp124,,,,
soep-base,yp12501,,,,
soep-base,yp12502,,,,
soep-base,yp12601,,,,
soep-base,yp12602,,,,
soep-base,yp127,,,,
soep-base,yp12801,,,,
soep-base,yp12802,,,,
soep-base,yp129,,,,
soep-base,yp13,,,,
soep-base,yp130,,,,
soep-base,yp13101,,,,
soep-base,yp13102,,,,
soep-base,yp13201,,,,
soep-base,yp13202,,,,
soep-base,yp13203,,,,
soep-base,yp13204,,,,
soep-base,yp13205,,,,
soep-base,yp13206,,,,
soep-base,yp13207,,,,
soep-base,yp13208,,,,
soep-base,yp13209,,,,
soep-base,yp13210,,,,
soep-base,yp13211,,,,
soep-base,yp13212,,,,
soep-base,yp133,,,,
soep-base,yp13401,,,,
soep-base,yp13402,,,,
soep-base,yp13403,,,,
soep-base,yp13404,,,,
soep-base,yp135,,,,
soep-base,yp136,,,,
soep-base,yp137,,,,
soep-base,yp13801,,,,
soep-base,yp13802,,,,
soep-base,yp139,,,,
soep-base,yp14,,,,
soep-base,yp140,,,,
soep-base,yp141,,,,
soep-base,yp142,,,,
soep-base,yp143,,,,
soep-base,yp144,,,,
soep-base,yp14501,,,,
soep-base,yp14502,,,,
soep-base,yp14503,,,,
soep-base,yp146,,,,
soep-base,yp147,,,,
soep-base,yp14801,,,,
soep-base,yp14802,,,,
soep-base,yp149,,,,
soep-base,yp15,,,,
soep-base,yp15001,,,,
soep-base,yp15002,,,,
soep-base,yp15003,,,,
soep-base,yp151,,,,
soep-base,yp152,,,,
soep-base,yp153011,,,,
soep-base,yp153012,,,,
soep-base,yp153013,,,,
soep-base,yp153014,,,,
soep-base,yp153021,,,,
soep-base,yp153022,,,,
soep-base,yp153023,,,,
soep-base,yp153024,,,,
soep-base,yp153031,,,,
soep-base,yp153032,,,,
soep-base,yp153033,,,,
soep-base,yp153034,,,,
soep-base,yp153041,,,,
soep-base,yp153042,,,,
soep-base,yp153043,,,,
soep-base,yp153044,,,,
soep-base,yp153051,,,,
soep-base,yp153052,,,,
soep-base,yp153053,,,,
soep-base,yp153054,,,,
soep-base,yp15306,,,,
soep-base,yp15401,,,,
soep-base,yp15402,,,,
soep-base,yp15403,,,,
soep-base,yp15404,,,,
soep-base,yp15405,,,,
soep-base,yp15406,,,,
soep-base,yp15407,,,,
soep-base,yp15408,,,,
soep-base,yp15409,,,,
soep-base,yp15410,,,,
soep-base,yp15411,,,,
soep-base,yp15412,,,,
soep-base,yp15413,,,,
soep-base,yp15414,,,,
soep-base,yp15415,,,,
soep-base,yp15416,,,,
soep-base,yp15417,,,,
soep-base,yp15418,,,,
soep-base,yp15419,,,,
soep-base,yp15420,,,,
soep-base,yp15421,,,,
soep-base,yp15422,,,,
soep-base,yp15423,,,,
soep-base,yp15424,,,,
soep-base,yp15425,,,,
soep-base,yp15426,,,,
soep-base,yp15427,,,,
soep-base,yp15428,,,,
soep-base,yp15429,,,,
soep-base,yp15430,,,,
soep-base,yp15431,,,,
soep-base,yp15432,,,,
soep-base,yp15433,,,,
soep-base,yp15434,,,,
soep-base,yp15435,,,,
soep-base,yp15436,,,,
soep-base,yp15437,,,,
soep-base,yp15501,,,,
soep-base,yp15502,,,,
soep-base,yp15503,,,,
soep-base,yp16,,,,
soep-base,yp1701,,,,
soep-base,yp1702,,,,
soep-base,yp1703,,,,
soep-base,yp1704,,,,
soep-base,yp1705,,,,
soep-base,yp1706,,,,
soep-base,yp1801,,,,
soep-base,yp1802,,,,
soep-base,yp1803,,,,
soep-base,yp1804,,,,
soep-base,yp1805,,,,
soep-base,yp1806,,,,
soep-base,yp1807,,,,
soep-base,yp1808,,,,
soep-base,yp1809,,,,
soep-base,yp1810,,,,
soep-base,yp1811,,,,
soep-base,yp1812,,,,
soep-base,yp1813,,,,
soep-base,yp1814,,,,
soep-base,yp1815,,,,
soep-base,yp1816,,,,
soep-base,yp1817,,,,
soep-base,yp1818,,,,
soep-base,yp19,,,,
soep-base,yp20,,,,
soep-base,yp21,,,,
soep-base,yp22,,,,
soep-base,yp23,,,,
soep-base,yp2401,,,,
soep-base,yp2402,,,,
soep-base,yp25,,,,
soep-base,yp26,,,,
soep-base,yp27,,,,
soep-base,yp2801,,,,
soep-base,yp2802,,,,
soep-base,yp29,,,,
soep-base,yp3001,,,,
soep-base,yp3002,,,,
soep-base,yp3003,,,,
soep-base,yp3101,,,,
soep-base,yp3102,,,,
soep-base,yp32,,,,
soep-base,yp33,,,,
soep-base,yp3401,,,,
soep-base,yp3402,,,,
soep-base,yp36,,,,
soep-base,yp37,,,,
soep-base,yp3801,,,,
soep-base,yp3802,,,,
soep-base,yp3803,,,,
soep-base,yp3804,,,,
soep-base,yp39,,,,
soep-base,yp41,,,,
soep-base,yp4201,,,,
soep-base,yp4202,,,,
soep-base,yp43,,,,
soep-base,yp44,,,,
soep-base,yp45,,,,
soep-base,yp4601,,,,
soep-base,yp4602a,,,,
soep-base,yp4602b,,,,
soep-base,yp4602c,,,,
soep-base,yp4602d,,,,
soep-base,yp4603,,,,
soep-base,yp4604,,,,
soep-base,yp4605,,,,
soep-base,yp4606,,,,
soep-base,yp47,,,,
soep-base,yp4801,,,,
soep-base,yp4802,,,,
soep-base,yp4803,,,,
soep-base,yp4804,,,,
soep-base,yp49,,,,
soep-base,yp50,,,,
soep-base,yp51,,,,
soep-base,yp52,,,,
soep-base,yp53,,,,
soep-base,yp5401,,,,
soep-base,yp5402,,,,
soep-base,yp55,,,,
soep-base,yp5601,,,,
soep-base,yp5602,,,,
soep-base,yp5701,,,,
soep-base,yp5702,,,,
soep-base,yp5801,,,,
soep-base,yp5802,,,,
soep-base,yp5803,,,,
soep-base,yp5901,,,,
soep-base,yp5902,,,,
soep-base,yp60,,,,
soep-base,yp61,,,,
soep-base,yp62,,,,
soep-base,yp6301,,,,
soep-base,yp6302,,,,
soep-base,yp64,,,,
soep-base,yp6501,,,,
soep-base,yp6502,,,,
soep-base,yp66,,,,
soep-base,yp6701,,,,
soep-base,yp6702,,,,
soep-base,yp6703,,,,
soep-base,yp6801,,,,
soep-base,yp6802,,,,
soep-base,yp6901,,,,
soep-base,yp6902,,,,
soep-base,yp6903,,,,
soep-base,yp6904,,,,
soep-base,yp6905,,,,
soep-base,yp6906,,,,
soep-base,yp6907,,,,
soep-base,yp7001,,,,
soep-base,yp7002,,,,
soep-base,yp7003,,,,
soep-base,yp7004,,,,
soep-base,yp7005,,,,
soep-base,yp7006,,,,
soep-base,yp7007,,,,
soep-base,yp7101,,,,
soep-base,yp7102,,,,
soep-base,yp7103,,,,
soep-base,yp7104,,,,
soep-base,yp73,,,,
soep-base,yp74,,,,
soep-base,yp75,,,,
soep-base,yp76,,,,
soep-base,yp7701,,,,
soep-base,yp7702,,,,
soep-base,yp7703,,,,
soep-base,yp7704,,,,
soep-base,yp7705,,,,
soep-base,yp7706,,,,
soep-base,yp7707,,,,
soep-base,yp7708,,,,
soep-base,yp7709,,,,
soep-base,yp7710,,,,
soep-base,yp7711,,,,
soep-base,yp7712,,,,
soep-base,yp7713,,,,
soep-base,yp7714,,,,
soep-base,yp7715,,,,
soep-base,yp7716,,,,
soep-base,yp7717,,,,
soep-base,yp7718,,,,
soep-base,yp7719,,,,
soep-base,yp7720,,,,
soep-base,yp7721,,,,
soep-base,yp7722,,,,
soep-base,yp7801,,,,
soep-base,yp7802,,,,
soep-base,yp7803,,,,
soep-base,yp7804,,,,
soep-base,yp7805,,,,
soep-base,yp7806,,,,
soep-base,yp7807,,,,
soep-base,yp7808,,,,
soep-base,yp7809,,,,
soep-base,yp7901,,,,
soep-base,yp7902,,,,
soep-base,yp7903,,,,
soep-base,yp7904,,,,
soep-base,yp80,,,,
soep-base,yp8101,,,,
soep-base,yp8102,,,,
soep-base,yp8103,,,,
soep-base,yp82,,,,
soep-base,yp83a101,,,,
soep-base,yp83a102,,,,
soep-base,yp83a103,,,,
soep-base,yp83a201,,,,
soep-base,yp83a202,,,,
soep-base,yp83a203,,,,
soep-base,yp83b101,,,,
soep-base,yp83b102,,,,
soep-base,yp83b103,,,,
soep-base,yp83b201,,,,
soep-base,yp83b202,,,,
soep-base,yp83b203,,,,
soep-base,yp83b301,,,,
soep-base,yp83b302,,,,
soep-base,yp83b303,,,,
soep-base,yp83c101,,,,
soep-base,yp83c102,,,,
soep-base,yp83c103,,,,
soep-base,yp83c201,,,,
soep-base,yp83c202,,,,
soep-base,yp83c203,,,,
soep-base,yp83d101,,,,
soep-base,yp83d102,,,,
soep-base,yp83d103,,,,
soep-base,yp83d201,,,,
soep-base,yp83d202,,,,
soep-base,yp83d203,,,,
soep-base,yp83d301,,,,
soep-base,yp83d302,,,,
soep-base,yp83d303,,,,
soep-base,yp83d401,,,,
soep-base,yp83d402,,,,
soep-base,yp83d403,,,,
soep-base,yp83d501,,,,
soep-base,yp83d502,,,,
soep-base,yp83d503,,,,
soep-base,yp83e101,,,,
soep-base,yp83e102,,,,
soep-base,yp83e103,,,,
soep-base,yp83f101,,,,
soep-base,yp83f102,,,,
soep-base,yp83f103,,,,
soep-base,yp83f201,,,,
soep-base,yp83f202,,,,
soep-base,yp83f203,,,,
soep-base,yp83g101,,,,
soep-base,yp83g102,,,,
soep-base,yp83g103,,,,
soep-base,yp83h101,,,,
soep-base,yp83h102,,,,
soep-base,yp83h103,,,,
soep-base,yp83j101,,,,
soep-base,yp83j102,,,,
soep-base,yp83j103,,,,
soep-base,yp83k101,,,,
soep-base,yp83k102,,,,
soep-base,yp83k103,,,,
soep-base,yp83l101,,,,
soep-base,yp83l102,,,,
soep-base,yp83l103,,,,
soep-base,yp8401,,,,
soep-base,yp8402,,,,
soep-base,yp8403,,,,
soep-base,yp8404,,,,
soep-base,yp85,,,,
soep-base,yp86,,,,
soep-base,yp8701,,,,
soep-base,yp8702,,,,
soep-base,yp8703,,,,
soep-base,yp8704,,,,
soep-base,yp8705,,,,
soep-base,yp8706,,,,
soep-base,yp8707,,,,
soep-base,yp88,,,,
soep-base,yp8901,,,,
soep-base,yp8902,,,,
soep-base,yp8903,,,,
soep-base,yp9001,,,,
soep-base,yp9002,,,,
soep-base,yp91,,,,
soep-base,yp9201,,,,
soep-base,yp9202,,,,
soep-base,yp93,,,,
soep-base,yp9401,,,,
soep-base,yp9402,,,,
soep-base,yp9403,,,,
soep-base,yp9404,,,,
soep-base,yp9405,,,,
soep-base,yp9406,,,,
soep-base,yp9407,,,,
soep-base,yp9408,,,,
soep-base,yp9409,,,,
soep-base,yp9410,,,,
soep-base,yp9411,,,,
soep-base,yp9412,,,,
soep-base,yp9413,,,,
soep-base,yp95a01,,,,
soep-base,yp95a02,,,,
soep-base,yp95a03,,,,
soep-base,yp95a04,,,,
soep-base,yp95b01,,,,
soep-base,yp95b02,,,,
soep-base,yp95b03,,,,
soep-base,yp95b04,,,,
soep-base,yp95c01,,,,
soep-base,yp95c02,,,,
soep-base,yp95c03,,,,
soep-base,yp95d01,,,,
soep-base,yp95d02,,,,
soep-base,yp95e01,,,,
soep-base,yp95e02,,,,
soep-base,yp95h01,,,,
soep-base,yp95h02,,,,
soep-base,yp95h03,,,,
soep-base,yp95j01,,,,
soep-base,yp95j02,,,,
soep-base,yp95j03,,,,
soep-base,yp95k01,,,,
soep-base,yp95k02,,,,
soep-base,yp95k03,,,,
soep-base,yp95l01,,,,
soep-base,yp95l02,,,,
soep-base,yp95l03,,,,
soep-base,yp95m01,,,,
soep-base,yp95m02,,,,
soep-base,yp95m03,,,,
soep-base,yp95n01,,,,
soep-base,yp95n02,,,,
soep-base,yp95n03,,,,
soep-base,yp95o01,,,,
soep-base,yp95o02,,,,
soep-base,yp95o03,,,,
soep-base,yp95p01,,,,
soep-base,yp95q01,,,,
soep-base,yp95q02,,,,
soep-base,yp9601,,,,
soep-base,yp9602,,,,
soep-base,yp9603,,,,
soep-base,yp9604,,,,
soep-base,yp9605,,,,
soep-base,yp9606,,,,
soep-base,yp9607,,,,
soep-base,yp9608,,,,
soep-base,yp9609,,,,
soep-base,yp9610,,,,
soep-base,yp9611,,,,
soep-base,yp9612,,,,
soep-base,yp9613,,,,
soep-base,yp9701,,,,
soep-base,yp9702,,,,
soep-base,yp9801,,,,
soep-base,yp9802,,,,
soep-base,yp9803,,,,
soep-base,yp9804,,,,
soep-base,yp9805,,,,
soep-base,yp9806,,,,
soep-base,yp9807,,,,
soep-base,yp9808,,,,
soep-base,yp9809,,,,
soep-base,yp9810,,,,
soep-base,yp9811,,,,
soep-base,yp9812,,,,
soep-base,yp9813,,,,
soep-base,yp9814,,,,
soep-base,yp9815,,,,
soep-base,yp9816,,,,
soep-base,yp9817,,,,
soep-base,yp9818,,,,
soep-base,yp9819,,,,
soep-base,yp9820,,,,
soep-base,yp99,,,,
soep-base,ypdauer1,,,,
soep-base,ypdauer2,,,,
soep-base,ypinta,,,,
soep-base,ypintnr,,,,
soep-base,ypmonin,,,,
soep-base,ypnr,,,,
soep-base,yptagin,,,,
soep-base,zausku,,,,
soep-base,zb0101,,,,
soep-base,zb0102,,,,
soep-base,zb02,,,,
soep-base,zb03,,,,
soep-base,zb04,,,,
soep-base,zb05,,,,
soep-base,zb06,,,,
soep-base,zb0701,,,,
soep-base,zb0702,,,,
soep-base,zb0703,,,,
soep-base,zb08,,,,
soep-base,zb09,,,,
soep-base,zb10,,,,
soep-base,zb11,,,,
soep-base,zb12,,,,
soep-base,zb13,,,,
soep-base,zb1401,,,,
soep-base,zb1402,,,,
soep-base,zb1403,,,,
soep-base,zb1404,,,,
soep-base,zb1405,,,,
soep-base,zb1406,,,,
soep-base,zb1407,,,,
soep-base,zb1408,,,,
soep-base,zb1501,,,,
soep-base,zb1502,,,,
soep-base,zb1503,,,,
soep-base,zb1504,,,,
soep-base,zb16,,,,
soep-base,zb1701,,,,
soep-base,zb1702,,,,
soep-base,zb1801,,,,
soep-base,zb1802,,,,
soep-base,zb1803,,,,
soep-base,zb1804,,,,
soep-base,zb1805,,,,
soep-base,zb1901,,,,
soep-base,zb1902,,,,
soep-base,zb1903,,,,
soep-base,zb1904,,,,
soep-base,zb1905,,,,
soep-base,zb1906,,,,
soep-base,zb1907,,,,
soep-base,zb1908,,,,
soep-base,zb1909,,,,
soep-base,zb20,,,,
soep-base,zb2101,,,,
soep-base,zb2102,,,,
soep-base,zb2103,,,,
soep-base,zb2104,,,,
soep-base,zb2205,,,,
soep-base,zb2206,,,,
soep-base,zb2301,,,,
soep-base,zb2302,,,,
soep-base,zb2304,,,,
soep-base,zb2306,,,,
soep-base,zb23a01,,,,
soep-base,zb23a02,,,,
soep-base,zb2401,,,,
soep-base,zb2402,,,,
soep-base,zb2501,,,,
soep-base,zb2502,,,,
soep-base,zb2701,,,,
soep-base,zb2702,,,,
soep-base,zb2703,,,,
soep-base,zb2704,,,,
soep-base,zb2705,,,,
soep-base,zb2706,,,,
soep-base,zb2707,,,,
soep-base,zb2708,,,,
soep-base,zb2709,,,,
soep-base,zb2710,,,,
soep-base,zb2801,,,,
soep-base,zb2802,,,,
soep-base,zb29,,,,
soep-base,zb3001,,,,
soep-base,zb3002,,,,
soep-base,zb3003,,,,
soep-base,zb3101,,,,
soep-base,zb3102,,,,
soep-base,zb32,,,,
soep-base,zb33,,,,
soep-base,zb34,,,,
soep-base,zb35,,,,
soep-base,zb3601,,,,
soep-base,zb3602,,,,
soep-base,zb3603,,,,
soep-base,zb3604,,,,
soep-base,zb3605,,,,
soep-base,zb3606,,,,
soep-base,zb3607,,,,
soep-base,zb3608,,,,
soep-base,zb3609,,,,
soep-base,zb3610,,,,
soep-base,zb3611,,,,
soep-base,zb3612,,,,
soep-base,zb3613,,,,
soep-base,zb3614,,,,
soep-base,zb3615,,,,
soep-base,zb3616,,,,
soep-base,zb3617,,,,
soep-base,zb3618,,,,
soep-base,zb3619,,,,
soep-base,zb3620,,,,
soep-base,zb3701,,,,
soep-base,zb3702,,,,
soep-base,zb38,,,,
soep-base,zb39,,,,
soep-base,zb40,,,,
soep-base,zb41,,,,
soep-base,zb42,,,,
soep-base,zb43,,,,
soep-base,zb44,,,,
soep-base,zb45,,,,
soep-base,zb46,,,,
soep-base,zb4701,,,,
soep-base,zb4703,,,,
soep-base,zb4705,,,,
soep-base,zb4707,,,,
soep-base,zb4709,,,,
soep-base,zb4711,,,,
soep-base,zb4713,,,,
soep-base,zb4715,,,,
soep-base,zb48,,,,
soep-base,zb49,,,,
soep-base,zb5001,,,,
soep-base,zb5002,,,,
soep-base,zb5003,,,,
soep-base,zb5004,,,,
soep-base,zb5005,,,,
soep-base,zb5006,,,,
soep-base,zb51,,,,
soep-base,zb5201,,,,
soep-base,zb5202,,,,
soep-base,zb53,,,,
soep-base,zb5401,,,,
soep-base,zb5402,,,,
soep-base,zb5403,,,,
soep-base,zb5404,,,,
soep-base,zb5405,,,,
soep-base,zb5406,,,,
soep-base,zb5407,,,,
soep-base,zb5408,,,,
soep-base,zb5501,,,,
soep-base,zb5502,,,,
soep-base,zb56,,,,
soep-base,zb5701,,,,
soep-base,zb5702,,,,
soep-base,zb5703,,,,
soep-base,zb5704,,,,
soep-base,zb5705,,,,
soep-base,zb5706,,,,
soep-base,zb5707,,,,
soep-base,zb5708,,,,
soep-base,zb59,,,,
soep-base,zb60a,,,,
soep-base,zb6101,,,,
soep-base,zb6102,,,,
soep-base,zb62,,,,
soep-base,zb63,,,,
soep-base,zb64,,,,
soep-base,zb65,,,,
soep-base,zb6701,,,,
soep-base,zb6702,,,,
soep-base,zb6703,,,,
soep-base,zb6704,,,,
soep-base,zb6705,,,,
soep-base,zb6706,,,,
soep-base,zb6707,,,,
soep-base,zb6708,,,,
soep-base,zb6709,,,,
soep-base,zb68,,,,
soep-base,zb6901,,,,
soep-base,zb6902,,,,
soep-base,zb6903,,,,
soep-base,zb6904,,,,
soep-base,zb7001,,,,
soep-base,zb7002,,,,
soep-base,zb7003,,,,
soep-base,zb7004,,,,
soep-base,zb7005,,,,
soep-base,zb7006,,,,
soep-base,zb7007,,,,
soep-base,zb7008,,,,
soep-base,zb7009,,,,
soep-base,zb7010,,,,
soep-base,zb7011,,,,
soep-base,zb7012,,,,
soep-base,zb7013,,,,
soep-base,zb7014,,,,
soep-base,zb7015,,,,
soep-base,zb7016,,,,
soep-base,zb7017,,,,
soep-base,zb7018,,,,
soep-base,zb7019,,,,
soep-base,zb7020,,,,
soep-base,zb7021,,,,
soep-base,zb7022,,,,
soep-base,zb7023,,,,
soep-base,zb7024,,,,
soep-base,zb7025,,,,
soep-base,zb7026,,,,
soep-base,zb71,,,,
soep-base,zb7201,,,,
soep-base,zb7202,,,,
soep-base,zb7203,,,,
soep-base,zb7204,,,,
soep-base,zb7205,,,,
soep-base,zb7206,,,,
soep-base,zb7207,,,,
soep-base,zb7208,,,,
soep-base,zb7209,,,,
soep-base,zb73,,,,
soep-base,zb7401,,,,
soep-base,zb7402,,,,
soep-base,zb7403,,,,
soep-base,zbinta,,,,
soep-base,zbintc01,,,,
soep-base,zbintc02,,,,
soep-base,zbintnr,,,,
soep-base,zbmonin,,,,
soep-base,zbtagin,,,,
soep-base,zh01,,,,
soep-base,zh0201,,,,
soep-base,zh0202,,,,
soep-base,zh0203,,,,
soep-base,zh0204,,,,
soep-base,zh0205,,,,
soep-base,zh0206,,,,
soep-base,zh0207,,,,
soep-base,zh0208,,,,
soep-base,zh0209,,,,
soep-base,zh0210,,,,
soep-base,zh0211,,,,
soep-base,zh0212,,,,
soep-base,zh0213,,,,
soep-base,zh0214,,,,
soep-base,zh0215,,,,
soep-base,zh0216,,,,
soep-base,zh0217,,,,
soep-base,zh0301,,,,
soep-base,zh0302,,,,
soep-base,zh0303,,,,
soep-base,zh0304,,,,
soep-base,zh0305,,,,
soep-base,zh0306,,,,
soep-base,zh0307,,,,
soep-base,zh0401,,,,
soep-base,zh0402,,,,
soep-base,zh05,,,,
soep-base,zh06,,,,
soep-base,zh07,,,,
soep-base,zh0801,,,,
soep-base,zh0802,,,,
soep-base,zh09,,,,
soep-base,zh10,,,,
soep-base,zh11,,,,
soep-base,zh12,,,,
soep-base,zh13,,,,
soep-base,zh1401,,,,
soep-base,zh1402,,,,
soep-base,zh1403,,,,
soep-base,zh1404,,,,
soep-base,zh1405,,,,
soep-base,zh1406,,,,
soep-base,zh1407,,,,
soep-base,zh1408,,,,
soep-base,zh1409,,,,
soep-base,zh1410,,,,
soep-base,zh1411,,,,
soep-base,zh1412,,,,
soep-base,zh1413,,,,
soep-base,zh1501,,,,
soep-base,zh1502,,,,
soep-base,zh1503,,,,
soep-base,zh1504,,,,
soep-base,zh1505,,,,
soep-base,zh1506,,,,
soep-base,zh1507,,,,
soep-base,zh1508,,,,
soep-base,zh16,,,,
soep-base,zh17,,,,
soep-base,zh18,,,,
soep-base,zh1901,,,,
soep-base,zh1902,,,,
soep-base,zh1903,,,,
soep-base,zh20,,,,
soep-base,zh21,,,,
soep-base,zh22,,,,
soep-base,zh2301,,,,
soep-base,zh2302,,,,
soep-base,zh24,,,,
soep-base,zh25,,,,
soep-base,zh2601,,,,
soep-base,zh2602,,,,
soep-base,zh2603,,,,
soep-base,zh2604,,,,
soep-base,zh27,,,,
soep-base,zh28,,,,
soep-base,zh29,,,,
soep-base,zh30,,,,
soep-base,zh31,,,,
soep-base,zh32,,,,
soep-base,zh33,,,,
soep-base,zh3401,,,,
soep-base,zh3402,,,,
soep-base,zh35,,,,
soep-base,zh3601,,,,
soep-base,zh3602,,,,
soep-base,zh3701,,,,
soep-base,zh3702,,,,
soep-base,zh38,,,,
soep-base,zh39,,,,
soep-base,zh4001,,,,
soep-base,zh4002,,,,
soep-base,zh4101,,,,
soep-base,zh4102,,,,
soep-base,zh42,,,,
soep-base,zh43,,,,
soep-base,zh44,,,,
soep-base,zh4501,,,,
soep-base,zh4502,,,,
soep-base,zh4503,,,,
soep-base,zh4504,,,,
soep-base,zh4505,,,,
soep-base,zh4506,,,,
soep-base,zh4507,,,,
soep-base,zh4508,,,,
soep-base,zh4509,,,,
soep-base,zh4510,,,,
soep-base,zh4601,,,,
soep-base,zh4602,,,,
soep-base,zh4701,,,,
soep-base,zh4702,,,,
soep-base,zh4703,,,,
soep-base,zh4704,,,,
soep-base,zh4705,,,,
soep-base,zh48,,,,
soep-base,zh4901,,,,
soep-base,zh4902,,,,
soep-base,zh4903,,,,
soep-base,zh4904,,,,
soep-base,zh4905,,,,
soep-base,zh4906,,,,
soep-base,zh4907,,,,
soep-base,zh4908,,,,
soep-base,zh4909,,,,
soep-base,zh4910,,,,
soep-base,zh4911,,,,
soep-base,zh4912,,,,
soep-base,zh4913,,,,
soep-base,zh4914,,,,
soep-base,zh4915,,,,
soep-base,zh4916,,,,
soep-base,zh5001,,,,
soep-base,zh5002,,,,
soep-base,zh5003,,,,
soep-base,zh5004,,,,
soep-base,zh5005,,,,
soep-base,zh5006,,,,
soep-base,zh5007,,,,
soep-base,zh5008,,,,
soep-base,zh5009,,,,
soep-base,zh5010,,,,
soep-base,zh5011,,,,
soep-base,zh5101,,,,
soep-base,zh5102,,,,
soep-base,zh5103,,,,
soep-base,zh5104,,,,
soep-base,zh5105,,,,
soep-base,zh5106,,,,
soep-base,zh5107,,,,
soep-base,zh5108,,,,
soep-base,zh5109,,,,
soep-base,zh5110,,,,
soep-base,zh5111,,,,
soep-base,zh5112,,,,
soep-base,zh5113,,,,
soep-base,zh5114,,,,
soep-base,zh5115,,,,
soep-base,zh5116,,,,
soep-base,zh5201,,,,
soep-base,zh5202,,,,
soep-base,zh5301,,,,
soep-base,zh5302,,,,
soep-base,zh54,,,,
soep-base,zh5501,,,,
soep-base,zh5502,,,,
soep-base,zh5503,,,,
soep-base,zh5504,,,,
soep-base,zh5505,,,,
soep-base,zh5506,,,,
soep-base,zh5507,,,,
soep-base,zh5508,,,,
soep-base,zh5509,,,,
soep-base,zh5510,,,,
soep-base,zh5511,,,,
soep-base,zh5512,,,,
soep-base,zh5601,,,,
soep-base,zh5602,,,,
soep-base,zh5603,,,,
soep-base,zh57,,,,
soep-base,zh58,,,,
soep-base,zh59,,,,
soep-base,zh60,,,,
soep-base,zh6101,,,,
soep-base,zh6102,,,,
soep-base,zh62,,,,
soep-base,zh6301,,,,
soep-base,zh6302,,,,
soep-base,zh6303,,,,
soep-base,zh6304,,,,
soep-base,zh6305,,,,
soep-base,zh6306,,,,
soep-base,zh6401,,,,
soep-base,zh6402,,,,
soep-base,zh6501,,,,
soep-base,zh6502,,,,
soep-base,zh6503,,,,
soep-base,zh6504,,,,
soep-base,zh6505,,,,
soep-base,zh6506,,,,
soep-base,zh6507,,,,
soep-base,zh6508,,,,
soep-base,zh6509,,,,
soep-base,zh6601,,,,
soep-base,zh6602,,,,
soep-base,zh67,,,,
soep-base,zhhdaer,,,,
soep-base,zhhdaer1,,,,
soep-base,zhhdaer2,,,,
soep-base,zhhmonin,,,,
soep-base,zhhnr,,,,
soep-base,zhhtagin,,,,
soep-base,zhintnr,,,,
soep-base,zhivform,,,,
soep-base,zhpmax,,,,
soep-base,znetto,,,,
soep-base,zp0101,,,,
soep-base,zp0102,,,,
soep-base,zp0103,,,,
soep-base,zp0104,,,,
soep-base,zp0105,,,,
soep-base,zp0106,,,,
soep-base,zp0107,,,,
soep-base,zp0108,,,,
soep-base,zp0109,,,,
soep-base,zp0110,,,,
soep-base,zp0111,,,,
soep-base,zp0201,,,,
soep-base,zp0202,,,,
soep-base,zp0203,,,,
soep-base,zp0204,,,,
soep-base,zp0205,,,,
soep-base,zp0206,,,,
soep-base,zp0207,,,,
soep-base,zp0208,,,,
soep-base,zp0209,,,,
soep-base,zp0210,,,,
soep-base,zp0211,,,,
soep-base,zp0212,,,,
soep-base,zp0213,,,,
soep-base,zp0214,,,,
soep-base,zp0215,,,,
soep-base,zp0216,,,,
soep-base,zp0217,,,,
soep-base,zp0218,,,,
soep-base,zp0219,,,,
soep-base,zp0220,,,,
soep-base,zp0221,,,,
soep-base,zp0222,,,,
soep-base,zp0223,,,,
soep-base,zp0224,,,,
soep-base,zp0225,,,,
soep-base,zp0226,,,,
soep-base,zp0227,,,,
soep-base,zp0301,,,,
soep-base,zp0302,,,,
soep-base,zp0303,,,,
soep-base,zp0304,,,,
soep-base,zp0305,,,,
soep-base,zp0306,,,,
soep-base,zp0307,,,,
soep-base,zp0308,,,,
soep-base,zp0309,,,,
soep-base,zp04,,,,
soep-base,zp05,,,,
soep-base,zp06,,,,
soep-base,zp07,,,,
soep-base,zp0801,,,,
soep-base,zp0802,,,,
soep-base,zp0803,,,,
soep-base,zp0804,,,,
soep-base,zp0805,,,,
soep-base,zp0806,,,,
soep-base,zp09,,,,
soep-base,zp10,,,,
soep-base,zp100,,,,
soep-base,zp10101,,,,
soep-base,zp10102,,,,
soep-base,zp10201,,,,
soep-base,zp10202,,,,
soep-base,zp10203,,,,
soep-base,zp10204,,,,
soep-base,zp10205,,,,
soep-base,zp10206,,,,
soep-base,zp10207,,,,
soep-base,zp10208,,,,
soep-base,zp10209,,,,
soep-base,zp10210,,,,
soep-base,zp10211,,,,
soep-base,zp103,,,,
soep-base,zp10401,,,,
soep-base,zp10402,,,,
soep-base,zp105,,,,
soep-base,zp106,,,,
soep-base,zp107,,,,
soep-base,zp108,,,,
soep-base,zp109,,,,
soep-base,zp11,,,,
soep-base,zp11001,,,,
soep-base,zp11002,,,,
soep-base,zp11003,,,,
soep-base,zp11004,,,,
soep-base,zp11005,,,,
soep-base,zp11006,,,,
soep-base,zp11007,,,,
soep-base,zp11008,,,,
soep-base,zp11009,,,,
soep-base,zp11010,,,,
soep-base,zp111,,,,
soep-base,zp112,,,,
soep-base,zp11301,,,,
soep-base,zp11302,,,,
soep-base,zp11401,,,,
soep-base,zp11402,,,,
soep-base,zp115,,,,
soep-base,zp11601,,,,
soep-base,zp11602,,,,
soep-base,zp11701,,,,
soep-base,zp11702,,,,
soep-base,zp11703,,,,
soep-base,zp11704,,,,
soep-base,zp11801,,,,
soep-base,zp11802,,,,
soep-base,zp11803,,,,
soep-base,zp11804,,,,
soep-base,zp11805,,,,
soep-base,zp11806,,,,
soep-base,zp119,,,,
soep-base,zp12,,,,
soep-base,zp12001,,,,
soep-base,zp12002,,,,
soep-base,zp12003,,,,
soep-base,zp12004,,,,
soep-base,zp12005,,,,
soep-base,zp12006,,,,
soep-base,zp12007,,,,
soep-base,zp12008,,,,
soep-base,zp12009,,,,
soep-base,zp12010,,,,
soep-base,zp12011,,,,
soep-base,zp12012,,,,
soep-base,zp12013,,,,
soep-base,zp12014,,,,
soep-base,zp12015,,,,
soep-base,zp12016,,,,
soep-base,zp121,,,,
soep-base,zp122,,,,
soep-base,zp123,,,,
soep-base,zp12401,,,,
soep-base,zp12402,,,,
soep-base,zp125,,,,
soep-base,zp126,,,,
soep-base,zp127,,,,
soep-base,zp12801,,,,
soep-base,zp12802,,,,
soep-base,zp12803,,,,
soep-base,zp12804,,,,
soep-base,zp12805,,,,
soep-base,zp12806,,,,
soep-base,zp12807,,,,
soep-base,zp12808,,,,
soep-base,zp12809,,,,
soep-base,zp12810,,,,
soep-base,zp12811,,,,
soep-base,zp12812,,,,
soep-base,zp12813,,,,
soep-base,zp12901,,,,
soep-base,zp12902,,,,
soep-base,zp13,,,,
soep-base,zp130,,,,
soep-base,zp13101,,,,
soep-base,zp13102,,,,
soep-base,zp13103,,,,
soep-base,zp132,,,,
soep-base,zp13301,,,,
soep-base,zp13302,,,,
soep-base,zp13303,,,,
soep-base,zp13304,,,,
soep-base,zp134,,,,
soep-base,zp13501,,,,
soep-base,zp13502,,,,
soep-base,zp13601,,,,
soep-base,zp13602,,,,
soep-base,zp137,,,,
soep-base,zp13801,,,,
soep-base,zp13802,,,,
soep-base,zp139,,,,
soep-base,zp140,,,,
soep-base,zp1401,,,,
soep-base,zp1402,,,,
soep-base,zp141,,,,
soep-base,zp142,,,,
soep-base,zp143,,,,
soep-base,zp14401,,,,
soep-base,zp14402,,,,
soep-base,zp14403,,,,
soep-base,zp145,,,,
soep-base,zp146,,,,
soep-base,zp147,,,,
soep-base,zp148,,,,
soep-base,zp149,,,,
soep-base,zp15,,,,
soep-base,zp150,,,,
soep-base,zp151,,,,
soep-base,zp152,,,,
soep-base,zp153,,,,
soep-base,zp15401,,,,
soep-base,zp15402,,,,
soep-base,zp15403,,,,
soep-base,zp15404,,,,
soep-base,zp15405,,,,
soep-base,zp15406,,,,
soep-base,zp15407,,,,
soep-base,zp15408,,,,
soep-base,zp15409,,,,
soep-base,zp15410,,,,
soep-base,zp15411,,,,
soep-base,zp15412,,,,
soep-base,zp15413,,,,
soep-base,zp15414,,,,
soep-base,zp15415,,,,
soep-base,zp15416,,,,
soep-base,zp15417,,,,
soep-base,zp15418,,,,
soep-base,zp15419,,,,
soep-base,zp15420,,,,
soep-base,zp15421,,,,
soep-base,zp15501,,,,
soep-base,zp15502,,,,
soep-base,zp15503,,,,
soep-base,zp15504,,,,
soep-base,zp15505,,,,
soep-base,zp15506,,,,
soep-base,zp15507,,,,
soep-base,zp15508,,,,
soep-base,zp15509,,,,
soep-base,zp15510,,,,
soep-base,zp15511,,,,
soep-base,zp15512,,,,
soep-base,zp15513,,,,
soep-base,zp15514,,,,
soep-base,zp15515,,,,
soep-base,zp15516,,,,
soep-base,zp15517,,,,
soep-base,zp15518,,,,
soep-base,zp15519,,,,
soep-base,zp15520,,,,
soep-base,zp15521,,,,
soep-base,zp15601,,,,
soep-base,zp15602,,,,
soep-base,zp15603,,,,
soep-base,zp15604,,,,
soep-base,zp15605,,,,
soep-base,zp15606,,,,
soep-base,zp15607,,,,
soep-base,zp15608,,,,
soep-base,zp15609,,,,
soep-base,zp15610,,,,
soep-base,zp15611,,,,
soep-base,zp15612,,,,
soep-base,zp15613,,,,
soep-base,zp15614,,,,
soep-base,zp15615,,,,
soep-base,zp15616,,,,
soep-base,zp15617,,,,
soep-base,zp15618,,,,
soep-base,zp15619,,,,
soep-base,zp15620,,,,
soep-base,zp15621,,,,
soep-base,zp15622,,,,
soep-base,zp15623,,,,
soep-base,zp15624,,,,
soep-base,zp15625,,,,
soep-base,zp15626,,,,
soep-base,zp15627,,,,
soep-base,zp15628,,,,
soep-base,zp15629,,,,
soep-base,zp15630,,,,
soep-base,zp15631,,,,
soep-base,zp15632,,,,
soep-base,zp15633,,,,
soep-base,zp15634,,,,
soep-base,zp15635,,,,
soep-base,zp15636,,,,
soep-base,zp15637,,,,
soep-base,zp15701,,,,
soep-base,zp15702,,,,
soep-base,zp158,,,,
soep-base,zp16,,,,
soep-base,zp17,,,,
soep-base,zp1801,,,,
soep-base,zp1802,,,,
soep-base,zp19,,,,
soep-base,zp20,,,,
soep-base,zp2101,,,,
soep-base,zp2102,,,,
soep-base,zp2103,,,,
soep-base,zp22,,,,
soep-base,zp2301,,,,
soep-base,zp2302,,,,
soep-base,zp2303,,,,
soep-base,zp2401,,,,
soep-base,zp2402,,,,
soep-base,zp25,,,,
soep-base,zp26,,,,
soep-base,zp27,,,,
soep-base,zp2801,,,,
soep-base,zp2802,,,,
soep-base,zp30,,,,
soep-base,zp31,,,,
soep-base,zp3201,,,,
soep-base,zp3202,,,,
soep-base,zp3203,,,,
soep-base,zp3204,,,,
soep-base,zp33,,,,
soep-base,zp35,,,,
soep-base,zp36,,,,
soep-base,zp37,,,,
soep-base,zp3801,,,,
soep-base,zp3802,,,,
soep-base,zp39,,,,
soep-base,zp40,,,,
soep-base,zp41,,,,
soep-base,zp4201,,,,
soep-base,zp4202a,,,,
soep-base,zp4202b,,,,
soep-base,zp4202c,,,,
soep-base,zp4202d,,,,
soep-base,zp4203,,,,
soep-base,zp4204,,,,
soep-base,zp4205,,,,
soep-base,zp4206,,,,
soep-base,zp43,,,,
soep-base,zp44,,,,
soep-base,zp45,,,,
soep-base,zp46,,,,
soep-base,zp47,,,,
soep-base,zp4801,,,,
soep-base,zp4802,,,,
soep-base,zp4901,,,,
soep-base,zp4902,,,,
soep-base,zp50,,,,
soep-base,zp51,,,,
soep-base,zp52,,,,
soep-base,zp5301,,,,
soep-base,zp5302,,,,
soep-base,zp5401,,,,
soep-base,zp5402,,,,
soep-base,zp5501,,,,
soep-base,zp5502,,,,
soep-base,zp56,,,,
soep-base,zp5701,,,,
soep-base,zp5702,,,,
soep-base,zp58,,,,
soep-base,zp5901,,,,
soep-base,zp5902,,,,
soep-base,zp6001,,,,
soep-base,zp6002,,,,
soep-base,zp6101,,,,
soep-base,zp6102,,,,
soep-base,zp62,,,,
soep-base,zp63,,,,
soep-base,zp64,,,,
soep-base,zp6501,,,,
soep-base,zp6502,,,,
soep-base,zp6601,,,,
soep-base,zp6602,,,,
soep-base,zp6603,,,,
soep-base,zp6604,,,,
soep-base,zp6605,,,,
soep-base,zp6606,,,,
soep-base,zp6607,,,,
soep-base,zp6608,,,,
soep-base,zp6609,,,,
soep-base,zp6610,,,,
soep-base,zp6611,,,,
soep-base,zp67,,,,
soep-base,zp68,,,,
soep-base,zp6901,,,,
soep-base,zp6902,,,,
soep-base,zp70,,,,
soep-base,zp7101,,,,
soep-base,zp7102,,,,
soep-base,zp7103,,,,
soep-base,zp7201,,,,
soep-base,zp7202,,,,
soep-base,zp7301,,,,
soep-base,zp7302,,,,
soep-base,zp7303,,,,
soep-base,zp7304,,,,
soep-base,zp75,,,,
soep-base,zp76,,,,
soep-base,zp77,,,,
soep-base,zp78,,,,
soep-base,zp7901,,,,
soep-base,zp7902,,,,
soep-base,zp7903,,,,
soep-base,zp7904,,,,
soep-base,zp7905,,,,
soep-base,zp7906,,,,
soep-base,zp7907,,,,
soep-base,zp7908,,,,
soep-base,zp7909,,,,
soep-base,zp7910,,,,
soep-base,zp7911,,,,
soep-base,zp7912,,,,
soep-base,zp7913,,,,
soep-base,zp7914,,,,
soep-base,zp7915,,,,
soep-base,zp7916,,,,
soep-base,zp7917,,,,
soep-base,zp7918,,,,
soep-base,zp7919,,,,
soep-base,zp7920,,,,
soep-base,zp7921,,,,
soep-base,zp7922,,,,
soep-base,zp8001,,,,
soep-base,zp8002,,,,
soep-base,zp8003,,,,
soep-base,zp8004,,,,
soep-base,zp81,,,,
soep-base,zp82,,,,
soep-base,zp8301,,,,
soep-base,zp8302,,,,
soep-base,zp8303,,,,
soep-base,zp8304,,,,
soep-base,zp8305,,,,
soep-base,zp8306,,,,
soep-base,zp8307,,,,
soep-base,zp84,,,,
soep-base,zp8501,,,,
soep-base,zp8502,,,,
soep-base,zp8503,,,,
soep-base,zp8601,,,,
soep-base,zp8602,,,,
soep-base,zp87,,,,
soep-base,zp8801,,,,
soep-base,zp8802,,,,
soep-base,zp89,,,,
soep-base,zp9001,,,,
soep-base,zp9002,,,,
soep-base,zp9003,,,,
soep-base,zp9004,,,,
soep-base,zp9005,,,,
soep-base,zp9006,,,,
soep-base,zp9007,,,,
soep-base,zp9008,,,,
soep-base,zp9009,,,,
soep-base,zp9010,,,,
soep-base,zp9011,,,,
soep-base,zp9012,,,,
soep-base,zp9013,,,,
soep-base,zp91a01,,,,
soep-base,zp91a02,,,,
soep-base,zp91a03,,,,
soep-base,zp91a04,,,,
soep-base,zp91b01,,,,
soep-base,zp91b02,,,,
soep-base,zp91b03,,,,
soep-base,zp91b04,,,,
soep-base,zp91c01,,,,
soep-base,zp91c02,,,,
soep-base,zp91c03,,,,
soep-base,zp91d01,,,,
soep-base,zp91d02,,,,
soep-base,zp91e01,,,,
soep-base,zp91e02,,,,
soep-base,zp91h01,,,,
soep-base,zp91h02,,,,
soep-base,zp91h03,,,,
soep-base,zp91j01,,,,
soep-base,zp91j02,,,,
soep-base,zp91j03,,,,
soep-base,zp91k01,,,,
soep-base,zp91k02,,,,
soep-base,zp91k03,,,,
soep-base,zp91l01,,,,
soep-base,zp91l02,,,,
soep-base,zp91l03,,,,
soep-base,zp91m01,,,,
soep-base,zp91m02,,,,
soep-base,zp91m03,,,,
soep-base,zp91n01,,,,
soep-base,zp91n02,,,,
soep-base,zp91n03,,,,
soep-base,zp91o01,,,,
soep-base,zp91o02,,,,
soep-base,zp91o03,,,,
soep-base,zp91p01,,,,
soep-base,zp91q01,,,,
soep-base,zp91q02,,,,
soep-base,zp9201,,,,
soep-base,zp9202,,,,
soep-base,zp9203,,,,
soep-base,zp9204,,,,
soep-base,zp9205,,,,
soep-base,zp9206,,,,
soep-base,zp9207,,,,
soep-base,zp9208,,,,
soep-base,zp9209,,,,
soep-base,zp9210,,,,
soep-base,zp9211,,,,
soep-base,zp9212,,,,
soep-base,zp9213,,,,
soep-base,zp9301,,,,
soep-base,zp9302,,,,
soep-base,zp9401,,,,
soep-base,zp9402,,,,
soep-base,zp9403,,,,
soep-base,zp9404,,,,
soep-base,zp9405,,,,
soep-base,zp9406,,,,
soep-base,zp9407,,,,
soep-base,zp9408,,,,
soep-base,zp9409,,,,
soep-base,zp9410,,,,
soep-base,zp9411,,,,
soep-base,zp9412,,,,
soep-base,zp9413,,,,
soep-base,zp9414,,,,
soep-base,zp9415,,,,
soep-base,zp9416,,,,
soep-base,zp9417,,,,
soep-base,zp9418,,,,
soep-base,zp9419,,,,
soep-base,zp9420,,,,
soep-base,zp95,,,,
soep-base,zp9601,,,,
soep-base,zp9602,,,,
soep-base,zp9701,,,,
soep-base,zp9702,,,,
soep-base,zp98,,,,
soep-base,zp9901,,,,
soep-base,zp9902,,,,
soep-base,zpa201,,,,
soep-base,zpa202,,,,
soep-base,zpa203,,,,
soep-base,zpa204,,,,
soep-base,zpa205,,,,
soep-base,zpa3,,,,
soep-base,zpa401,,,,
soep-base,zpa402,,,,
soep-base,zpa403,,,,
soep-base,zpa404,,,,
soep-base,zpa405,,,,
soep-base,zpa406,,,,
soep-base,zpa407,,,,
soep-base,zpa408,,,,
soep-base,zpa409,,,,
soep-base,zpdauer1,,,,
soep-base,zpdauer2,,,,
soep-base,zpinta,,,,
soep-base,zpintnr,,,,
soep-base,zpmonin,,,,
soep-base,zpnr,,,,
soep-base,zptagin,,,,
