name,label,label_de,description,topic
bleib,,,,
dauer,,,,
fkgew,,,,
fkstil01,,,,
fkstil02,,,,
hakt01a,,,,
hakt01b,,,,
hakt01c,,,,
hakt01d,,,,
hakt02a,,,,
hakt02b,,,,
hakt02c,,,,
hakt02d,,,,
hakt03a,,,,
hakt03b,,,,
hakt03c,,,,
hakt03d,,,,
hakt04a,,,,
hakt04b,,,,
hakt04c,,,,
hakt04d,,,,
hakt05a,,,,
hakt05b,,,,
hakt05c,,,,
hakt05d,,,,
hakt06a,,,,
hakt06b,,,,
hakt06c,,,,
hakt06d,,,,
hakt07a,,,,
hakt07b,,,,
hakt07c,,,,
hakt07d,,,,
hakt08a,,,,
hakt08b,,,,
hakt08c,,,,
hakt08d,,,,
hakt09a,,,,
hakt09b,,,,
hakt09c,,,,
hakt09d,,,,
hakt10a,,,,
hakt10b,,,,
hakt10c,,,,
hakt10d,,,,
hakt11a,,,,
hakt11b,,,,
hakt11c,,,,
hakt11d,,,,
hakt12a,,,,
hakt12b,,,,
hakt12c,,,,
hakt12d,,,,
hakt13a,,,,
hakt13b,,,,
hakt13c,,,,
hakt13d,,,,
hakt14a,,,,
hakt14b,,,,
hakt14c,,,,
hakt14d,,,,
hakt15a,,,,
hakt15b,,,,
hakt15c,,,,
hakt15d,,,,
hakt16a,,,,
hakt16b,,,,
hakt16c,,,,
hakt16d,,,,
hakt17a,,,,
hakt17b,,,,
hakt17c,,,,
hakt17d,,,,
hakt18a,,,,
hakt18b,,,,
hakt18c,,,,
hakt18d,,,,
hakt19a,,,,
hakt19b,,,,
hakt19c,,,,
hakt19d,,,,
haus01a,,,,
haus01b,,,,
haus01c,,,,
haus01ka,,,,
haus02a,,,,
haus02b,,,,
haus02c,,,,
haus02ka,,,,
haus03a,,,,
haus03b,,,,
haus03c,,,,
haus03ka,,,,
haus04a,,,,
haus04b,,,,
haus04c,,,,
haus04ka,,,,
haus05a,,,,
haus05b,,,,
haus05c,,,,
haus05ka,,,,
haus06a,,,,
haus06b,,,,
haus06c,,,,
haus06ka,,,,
haus07a,,,,
haus07b,,,,
haus07c,,,,
haus07ka,,,,
haus08a,,,,
haus08b,,,,
haus08c,,,,
haus08ka,,,,
haus09a,,,,
haus09b,,,,
haus09c,,,,
haus09ka,,,,
haus10a,,,,
haus10b,,,,
haus10c,,,,
haus10ka,,,,
haus11a,,,,
haus11b,,,,
haus11c,,,,
haus11ka,,,,
haus12a,,,,
haus12b,,,,
haus12c,,,,
haus12ka,,,,
haus13a,,,,
haus13b,,,,
haus13c,,,,
haus13ka,,,,
haus14a,,,,
haus14b,,,,
haus14c,,,,
haus14ka,,,,
haus15a,,,,
haus15b,,,,
haus15c,,,,
haus15ka,,,,
haus16a,,,,
haus16b,,,,
haus16c,,,,
haus16ka,,,,
hausl,,,,
hbau1,,,,
hbau10,,,,
hbau11,,,,
hbau2,,,,
hbau3,,,,
hbau4,,,,
hbau5,,,,
hbau6,,,,
hbau7,,,,
hbau8,,,,
hbau9,,,,
hbet1a,,,,
hbet1b,,,,
hbet1c,,,,
hbet1d,,,,
hbet2a,,,,
hbet2b,,,,
hbet2c,,,,
hbet2d,,,,
hbet3a,,,,
hbet3b,,,,
hbet3c,,,,
hbet3d,,,,
hbet4a,,,,
hbet4b,,,,
hbet4c,,,,
hbet4d,,,,
hbet5a,,,,
hbet5b,,,,
hbet5c,,,,
hbet5d,,,,
hbuch,,,,
hcity,,,,
hdag1,,,,
hdag2,,,,
hdatm,,,,
hdatt,,,,
hdauer1,,,,
hdauer2,,,,
hdgs1,,,,
hdgs2,,,,
hdkg1,,,,
hdkg2,,,,
hdkg3,,,,
hdkz1,,,,
hdkz2,,,,
hdno,,,,
hdpg1,,,,
hdpg2,,,,
hdsh1,,,,
hdsh2,,,,
hdwg1,,,,
hdwg2,,,,
he01,,,,
he02,,,,
he03,,,,
he04,,,,
he05,,,,
he06,,,,
he07,,,,
he08,,,,
he09,,,,
he10,,,,
he13,,,,
he14,,,,
he16,,,,
hein1a,,,,
hein1b,,,,
hein1c,,,,
hein1d,,,,
hein1sa,,,,
hein1sb,,,,
hein1sc,,,,
hein1sd,,,,
hein3a,,,,
hein3b,,,,
hein3c,,,,
hein3d,,,,
hein4a,,,,
hein4b,,,,
hein4c,,,,
hein4d,,,,
hein9a,,,,
hein9b,,,,
hein9c,,,,
hein9d,,,,
hew1,,,,
hew2,,,,
hew3,,,,
hew4,,,,
hform,,,,
hfuss01,,,,
hfuss02,,,,
hfuss03,,,,
hfuss04,,,,
hfuss05,,,,
hfuss06,,,,
hfuss07,,,,
hfuss08,,,,
hfuss09,,,,
hfuss10,,,,
hfuss11,,,,
hfuss12,,,,
hgr,,,,
hhbez,,,,
hheim,,,,
hhil1,,,,
hhil2,,,,
hhil3,,,,
hhil4,,,,
hhilka,,,,
hhnr,,,,
hhnr2008,,,,
hhnr2009,,,,
hhnr2010,,,,
hhnr2012,,,,
hhnrakt,,,,
hhtyp,,,,
hhvon1,,,,
hhvon2,,,,
hhvon3,,,,
hhvon4,,,,
hhvon5,,,,
hhvon6,,,,
hhvonka,,,,
hi01,,,,
hi01a,,,,
hi01b,,,,
hi01c,,,,
hi02,,,,
hi02a,,,,
hi02b,,,,
hi03,,,,
hi03a,,,,
hi03b,,,,
hi05,,,,
hi05a,,,,
hi05b,,,,
hi06,,,,
hi06a,,,,
hi06b,,,,
hi07,,,,
hi07a,,,,
hi07b,,,,
hi08,,,,
hi08a,,,,
hi08b,,,,
hi09,,,,
hi09a,,,,
hi09b,,,,
hi10,,,,
hi10a,,,,
hi10b,,,,
hi11,,,,
hi11a,,,,
hi11b,,,,
hi12,,,,
hi12a,,,,
hi12b,,,,
hi13,,,,
hi13a,,,,
hi13b,,,,
hi14,,,,
hi14a,,,,
hi14b,,,,
hi15,,,,
hi15a,,,,
hi15b,,,,
hi16,,,,
hi16a,,,,
hi16b,,,,
hi17,,,,
hi17a,,,,
hi17b,,,,
hi18,,,,
hi18a,,,,
hi18b,,,,
hi19,,,,
hi19a,,,,
hi19b,,,,
hi20,,,,
hi20a,,,,
hi20b,,,,
hintnr,,,,
hkgeba,,,,
hkgebb,,,,
hkgebc,,,,
hkgebd,,,,
hkind,,,,
hknra,,,,
hknrb,,,,
hknrc,,,,
hknrd,,,,
hkont,,,,
hkred1,,,,
hkred2,,,,
hkred3,,,,
hkrim,,,,
hlag1,,,,
hlag2,,,,
hlag3,,,,
hleut,,,,
hlgs1,,,,
hlgs2,,,,
hlgs3,,,,
hlkg1,,,,
hlkg2,,,,
hlkg3,,,,
hlkz1,,,,
hlkz2,,,,
hlkz3,,,,
hlos1,,,,
hlos2,,,,
hlos3,,,,
hlos4,,,,
hlos5,,,,
hloska,,,,
hlpg1,,,,
hlpg2,,,,
hlpg3,,,,
hlsh,,,,
hlsh1,,,,
hlsh2,,,,
hlsh3,,,,
hlsha,,,,
hlsha1,,,,
hlsha2,,,,
hlshb,,,,
hlshb1,,,,
hlshb2,,,,
hlshc,,,,
hlshd,,,,
hlshd1,,,,
hlshd2,,,,
hlshka,,,,
hlwg1,,,,
hlwg2,,,,
hlwg3,,,,
hm01,,,,
hm02,,,,
hm03,,,,
hm04,,,,
hm05,,,,
hm06,,,,
hm07,,,,
hm08,,,,
hm09,,,,
hm10,,,,
hm11,,,,
hm12,,,,
hm13,,,,
hm14,,,,
hm15,,,,
hnach1,,,,
hnach2,,,,
hnetto,,,,
hnr,,,,
hpfleg,,,,
hpfleg2,,,,
hpfleg3,,,,
hpfleg4,,,,
hpfleg5,,,,
hpflegz,,,,
hpl,,,,
hpmax,,,,
hpnr,,,,
hpstuf,,,,
hputz,,,,
hputz2,,,,
hqm,,,,
hraum,,,,
hrf,,,,
hspar1,,,,
hspar2,,,,
hspar3,,,,
hspar4,,,,
hspar5,,,,
hspar6,,,,
hspar7,,,,
hspar8,,,,
hsparka,,,,
htier1,,,,
htier2,,,,
htier3,,,,
htier4,,,,
htier5,,,,
htier6,,,,
htier7,,,,
humb,,,,
humw1,,,,
humw2,,,,
humw3,,,,
humw4,,,,
humw5,,,,
humw6,,,,
humz01,,,,
humz02,,,,
humz03,,,,
humz04,,,,
humz05,,,,
humz06,,,,
humz07,,,,
humz08,,,,
humz09,,,,
humz10,,,,
humz11,,,,
humz12,,,,
humz13,,,,
humz14,,,,
humz15,,,,
humz16,,,,
humz17,,,,
hunt1,,,,
hunt2,,,,
hunt3,,,,
hunt4,,,,
hverm1,,,,
hverm2,,,,
hverm3,,,,
hverm4,,,,
hverm5,,,,
hverm6,,,,
hvj,,,,
hwa1,,,,
hwa2,,,,
hwa3,,,,
hwa4,,,,
hwa5,,,,
hwa6,,,,
hwa7,,,,
hwa8,,,,
hwa9,,,,
hwaka,,,,
hwj,,,,
hwm,,,,
hwohn01,,,,
hwohn02,,,,
hwohn03,,,,
hwohn04,,,,
hwohn05,,,,
hwohn06,,,,
hwohn07,,,,
hwohn08,,,,
hwohn09,,,,
hwohn09a,,,,
hwohn10,,,,
hwohn11,,,,
hwohn12,,,,
hwohn13,,,,
hwohn14,,,,
hwohn15,,,,
hwohn16,,,,
hwohn17,,,,
hwohn18,,,,
hwohn19,,,,
hwohn20,,,,
hwohn21,,,,
hwohn22,,,,
hwohn23,,,,
hzins1,,,,
hzins2,,,,
hzuf,,,,
hzus,,,,
jahr,,,,
l1amt,,,,
l1ang,,,,
l1arb,,,,
l1aus,,,,
l1erw,,,,
l1ka,,,,
l1no,,,,
l1noch,,,,
l1oed,,,,
l1sst1,,,,
l1sst2,,,,
l1sst3,,,,
l1sst4,,,,
l2wohn1,,,,
l2wohn2,,,,
l2wohn3,,,,
l2wohn4,,,,
lab01,,,,
lab02,,,,
lab02a,,,,
lab02b,,,,
lab03,,,,
lab03a,,,,
lab03b,,,,
lab04,,,,
lab05,,,,
lab06,,,,
lab07,,,,
lab07a,,,,
lab07b,,,,
lab08,,,,
lab08ka,,,,
lab09,,,,
lab10,,,,
lab11,,,,
lab12,,,,
lab13,,,,
lab14,,,,
lab15,,,,
lab15ka,,,,
lab16,,,,
lab17,,,,
lab18,,,,
lab19,,,,
lab20,,,,
lab21,,,,
lab22,,,,
lab23,,,,
lab24,,,,
lab25,,,,
lab26,,,,
lab26ka,,,,
lal10a,,,,
lal10b,,,,
lal10c,,,,
lalnw,,,,
lamt,,,,
lang,,,,
larb,,,,
lazubi,,,,
lberka,,,,
lbesch10a,,,,
lbesch10b,,,,
lbund,,,,
ldatm,,,,
ldatt,,,,
ldauer1,,,,
ldauer2,,,,
lehe,,,,
lehe1a,,,,
lehe1b,,,,
lehe1c,,,,
lehe2a,,,,
lehe2b,,,,
lehe2c,,,,
lehe3a,,,,
lehe3b,,,,
lehe3c,,,,
lend,,,,
lendj,,,,
lendm,,,,
lerw,,,,
lerwla,,,,
lform,,,,
lfsj,,,,
lgeb,,,,
lgebmo,,,,
lgeka,,,,
lgesch1,,,,
lgesch2,,,,
lgesch3,,,,
lgesch4,,,,
lgesch5,,,,
lgesch6,,,,
lgesch7,,,,
lgesch8,,,,
lintnr,,,,
lj01,,,,
lj02,,,,
lj03,,,,
lj04,,,,
lj05,,,,
lj06,,,,
lj07,,,,
lj08,,,,
lj09,,,,
lj10,,,,
lj11,,,,
lkal1,,,,
lkal2,,,,
lkal3,,,,
lkal4,,,,
lkal5,,,,
lkal6,,,,
lkal7,,,,
lkal8,,,,
lkal9,,,,
lkgeb1,,,,
lkgeb2,,,,
lkgeb3,,,,
lkgeb4,,,,
lkgeb5,,,,
lkgeb6,,,,
lkgeb7,,,,
lkgeb8,,,,
lkh01,,,,
lkh02,,,,
lkh03,,,,
lkh04,,,,
lkh05,,,,
lkh06,,,,
lkh07,,,,
lkh08,,,,
lkh09,,,,
lkh10,,,,
lkhka,,,,
lkind,,,,
lkno,,,,
lksex1,,,,
lksex2,,,,
lksex3,,,,
lksex4,,,,
lksex5,,,,
lksex6,,,,
lksex7,,,,
lksex8,,,,
lkwo1,,,,
lkwo2,,,,
lkwo3,,,,
lkwo4,,,,
lkwo5,,,,
lkwo6,,,,
lkwo7,,,,
lkwo8,,,,
lleib1,,,,
lleib2,,,,
lleib3,,,,
lleib4,,,,
lleist,,,,
lm01,,,,
lm02,,,,
lm03,,,,
lm03a,,,,
lm03bnr,,,,
lm04,,,,
lm05,,,,
lm06,,,,
lm08,,,,
lm09,,,,
lm10,,,,
lm11,,,,
lm12,,,,
lm13,,,,
lmusi,,,,
loed,,,,
lsab,,,,
lsab1,,,,
lsab10,,,,
lsab11,,,,
lsab12,,,,
lsab2,,,,
lsab3,,,,
lsab4,,,,
lsab5,,,,
lsab7,,,,
lsab7x,,,,
lsab7y,,,,
lsch1,,,,
lsch2,,,,
lsch3,,,,
lsp1,,,,
lsp3,,,,
lspcode,,,,
lsst,,,,
lsst1,,,,
lsst2,,,,
lsst3,,,,
lsst4,,,,
lsta1,,,,
lsta2nr,,,,
lstd,,,,
lstrm,,,,
lstrv,,,,
lv01,,,,
lv02,,,,
lv03,,,,
lv03a,,,,
lv03bnr,,,,
lv04,,,,
lv05,,,,
lv06,,,,
lv08,,,,
lv09,,,,
lv10,,,,
lv11,,,,
lv12,,,,
lv13,,,,
lvm,,,,
lwehr1,,,,
lwehr2,,,,
lwehr3,,,,
lwexl1,,,,
lwexl2,,,,
lwied,,,,
lwohnj,,,,
lwohnm,,,,
lzug01,,,,
lzug02,,,,
lzug03,,,,
lzug04,,,,
lzug05,,,,
lzug06,,,,
lzug07,,,,
lzug08,,,,
lzug09,,,,
lzug10,,,,
lzug11,,,,
lzug12,,,,
lzug13,,,,
lzug14,,,,
lzug15,,,,
lzug16,,,,
lzug17,,,,
lzug18,,,,
lzug19,,,,
lzug20,,,,
lzug21,,,,
lzug22,,,,
lzug23,,,,
lzug24,,,,
mpi,,,,
mpi_id,,,,
nkidpz,,,,
nkidpznum,,,,
p7tag,,,,
pab1,,,,
pab2,,,,
pab3,,,,
pab4,,,,
pab4a,,,,
pab5,,,,
pab6,,,,
pab6nr1,,,,
pab6nr2,,,,
pab7,,,,
pab7nr,,,,
pabka1,,,,
pabka2,,,,
pabs01,,,,
pabs02,,,,
pabs03,,,,
pabs04,,,,
pabs05,,,,
pabs06,,,,
pabs07,,,,
pabs08,,,,
pabs09,,,,
pabs10,,,,
pabs11,,,,
pabs12,,,,
pabs13,,,,
pabs14,,,,
pabs15,,,,
palk1,,,,
palk2,,,,
palk3,,,,
palk4,,,,
palo,,,,
palt1,,,,
palt2,,,,
pamt,,,,
pang,,,,
par1,,,,
par2,,,,
par3,,,,
par4,,,,
par5,,,,
par6,,,,
par7,,,,
par8,,,,
parb,,,,
parka,,,,
parla1,,,,
parla2,,,,
parla3,,,,
parla4,,,,
parla5,,,,
parla6,,,,
parla7,,,,
parla8,,,,
parla9,,,,
parso,,,,
part,,,,
paus1,,,,
paus2,,,,
paus3,,,,
paus3a,,,,
paus4,,,,
paus5,,,,
pauska,,,,
paz01,,,,
paz02,,,,
paz03,,,,
paz04,,,,
paz05,,,,
paz06,,,,
paz07,,,,
paz08,,,,
paz09,,,,
paz10,,,,
paz11,,,,
paz12,,,,
paz14,,,,
paz15,,,,
paz16,,,,
paz17,,,,
paz18,,,,
pazubi,,,,
pbefr1,,,,
pbefr2,,,,
pbeh1,,,,
pbeh2,,,,
pbei,,,,
pberaus,,,,
pberja,,,,
pberka,,,,
pbez01,,,,
pbez02,,,,
pbez03,,,,
pbez04,,,,
pbez05,,,,
pbez06,,,,
pbez07,,,,
pbez08,,,,
pbez09,,,,
pbez10,,,,
pbrut,,,,
pdatm,,,,
pdatt,,,,
pdauer1,,,,
pdauer2,,,,
pddr01,,,,
pddr02a,,,,
pddr02b,,,,
pddr02no,,,,
pddr03a,,,,
pddr03b,,,,
pddr03no,,,,
pddr04a,,,,
pddr04b,,,,
pddr04no,,,,
pddr05a,,,,
pddr05b,,,,
pddr05no,,,,
pddr05wn,,,,
pddr06,,,,
pddr071,,,,
pddr072,,,,
pddr073,,,,
pdisk,,,,
pdiske1,,,,
pdiske2,,,,
pdiske3,,,,
pdiske4,,,,
pdiskej,,,,
pdiskeno,,,,
pdiskgr,,,,
pdr1,,,,
pdr2,,,,
pego01,,,,
pego02,,,,
pego03,,,,
pego04,,,,
pego05,,,,
pego06,,,,
pego07,,,,
pego08,,,,
pego09,,,,
pego10,,,,
pego11,,,,
pego12,,,,
pego13,,,,
pego14,,,,
pego15,,,,
pego16,,,,
pehe2a,,,,
peinar1,,,,
peinar2,,,,
peinar3,,,,
peink,,,,
peinka,,,,
peinsam1,,,,
peinsam2,,,,
peinsam3,,,,
pek01,,,,
pek011,,,,
pek02,,,,
pek021,,,,
pek03,,,,
pek031,,,,
pek04,,,,
pek05,,,,
pek051,,,,
pek06,,,,
pek061,,,,
pek07,,,,
pek071,,,,
pek08,,,,
pek081,,,,
pek09,,,,
pek091,,,,
pek10,,,,
pek101,,,,
pek11,,,,
pek111,,,,
pek18,,,,
pek181,,,,
pek19,,,,
pek191,,,,
pek20,,,,
pek201,,,,
pek21,,,,
pek211,,,,
pek22,,,,
pek221,,,,
pekno,,,,
pend1,,,,
pend2,,,,
pend3,,,,
pend4,,,,
pend5,,,,
pend6,,,,
pend7,,,,
pend8,,,,
pend9,,,,
pendka,,,,
persnr,,,,
perw,,,,
perz,,,,
pessen,,,,
pfamst,,,,
pfinsit01,,,,
pfinsit02,,,,
pflae01,,,,
pflae02,,,,
pflae03a,,,,
pflae03b,,,,
pform,,,,
pfrei01,,,,
pfrei02,,,,
pfrei03,,,,
pfrei04,,,,
pfrei05,,,,
pfrei06,,,,
pfrei07,,,,
pfrei08,,,,
pfrei09,,,,
pfrei10,,,,
pfrei11,,,,
pfrei12,,,,
pfrei13,,,,
pfrei14,,,,
pfrei15,,,,
pfrei16,,,,
pfrei17,,,,
pfrei18,,,,
pfs011,,,,
pfs012,,,,
pfs013,,,,
pfs021,,,,
pfs022,,,,
pfs023,,,,
pfs031,,,,
pfs032,,,,
pfs033,,,,
pfs041,,,,
pfs042,,,,
pfs043,,,,
pfs051,,,,
pfs052,,,,
pfs053,,,,
pfs061,,,,
pfs062,,,,
pfs063,,,,
pfs071,,,,
pfs072,,,,
pfs073,,,,
pfs081,,,,
pfs082,,,,
pfs083,,,,
pfs091,,,,
pfs092,,,,
pfs093,,,,
pfs101,,,,
pfs102,,,,
pfs103,,,,
pfs111,,,,
pfs112,,,,
pfs113,,,,
pfs121,,,,
pfs122,,,,
pfs123,,,,
pfs131,,,,
pfs132,,,,
pfs133,,,,
pfsno,,,,
pfz1,,,,
pfz10,,,,
pfz11,,,,
pfz12,,,,
pfz13,,,,
pfz14,,,,
pfz2,,,,
pfz3,,,,
pfz4,,,,
pfz5,,,,
pfz6,,,,
pfz7,,,,
pfz8,,,,
pfz9,,,,
pgealt,,,,
pged,,,,
pgef1,,,,
pgef10,,,,
pgef2,,,,
pgef3,,,,
pgef4,,,,
pgef5,,,,
pgef6,,,,
pgef7,,,,
pgef8,,,,
pgef9,,,,
pges01,,,,
pges02,,,,
pges03,,,,
pges04,,,,
pges05,,,,
pges06,,,,
pges07,,,,
pges08,,,,
pges09,,,,
pges10,,,,
pges11,,,,
pges12,,,,
pges13,,,,
pges14a,,,,
pgesunt,,,,
pgift1,,,,
pgift2,,,,
pgift3,,,,
pgr,,,,
phaus1,,,,
phaus2,,,,
phaus3,,,,
pher1,,,,
pher2,,,,
pher3,,,,
pher4,,,,
pimp,,,,
pintnr,,,,
pjob01,,,,
pjob02,,,,
pjob03,,,,
pjob12,,,,
pjob13,,,,
pjob14,,,,
pjob15,,,,
pjobno,,,,
pkal01,,,,
pkal02,,,,
pkal03,,,,
pkal04,,,,
pkal05,,,,
pkal06,,,,
pkal07,,,,
pkal08,,,,
pkal09,,,,
pkal09a,,,,
pkal10,,,,
pkal11,,,,
pkal12,,,,
pkal13,,,,
pkilo,,,,
pkkw,,,,
pkkw1,,,,
pkontp1,,,,
pkontp2,,,,
pkontp3,,,,
pkontp4,,,,
pkontp5,,,,
pkontt1,,,,
pkontt2,,,,
pkontt3,,,,
pkontt4,,,,
pkontt5,,,,
pkr1,,,,
pkr10,,,,
pkr10a,,,,
pkr11,,,,
pkr11a,,,,
pkr12,,,,
pkr12a,,,,
pkr13,,,,
pkr13a,,,,
pkr14,,,,
pkr14a,,,,
pkr15,,,,
pkr15a,,,,
pkr16,,,,
pkr16a,,,,
pkr17,,,,
pkr18,,,,
pkr19,,,,
pkr2,,,,
pkr20,,,,
pkr21,,,,
pkr22,,,,
pkr23,,,,
pkr23a,,,,
pkr24,,,,
pkr24a,,,,
pkr25,,,,
pkr25a,,,,
pkr3,,,,
pkr4,,,,
pkr4w1,,,,
pkr4w2,,,,
pkr4wno,,,,
pkr5,,,,
pkr6,,,,
pkr7,,,,
pkr7a,,,,
pkr8,,,,
pkr8a,,,,
pkr9,,,,
pkr9a,,,,
pkrno,,,,
pkt01,,,,
pkt02,,,,
pkt03,,,,
pkt04,,,,
pkt05,,,,
pkt06,,,,
pkt07,,,,
pkt08,,,,
pkt09,,,,
pktka,,,,
pkurz,,,,
pkv01,,,,
pkv02,,,,
pkv03,,,,
pkv04,,,,
pkv05,,,,
pkv06,,,,
pkv07,,,,
pkv08,,,,
pkv09,,,,
pkv10,,,,
pkv11,,,,
pkv12,,,,
pkvors1,,,,
pkvors1a,,,,
pkvors2,,,,
pkvors2a,,,,
pkvors3,,,,
pkvors3a,,,,
pkvors4,,,,
pkvors4a,,,,
pkvors5,,,,
pkvors5a,,,,
pkvors6,,,,
pkvors6a,,,,
pkvorsno,,,,
pleist1,,,,
pleist2,,,,
pleist3,,,,
pleist4,,,,
pleist5,,,,
plrstj,,,,
plrstm,,,,
pmas01,,,,
pmas02,,,,
pmas03,,,,
pmas04,,,,
pmas05,,,,
pmas06,,,,
pmas07,,,,
pmas08,,,,
pmas09,,,,
pmas10,,,,
pmas11,,,,
pmusp1,,,,
pmusp2,,,,
pmusp3,,,,
pmusp4,,,,
pmusp5,,,,
pmusp6,,,,
pmusp7,,,,
pna04,,,,
pna09,,,,
pna14,,,,
pna15,,,,
pnat01,,,,
pnat02,,,,
pnat05,,,,
pnat09,,,,
pnat10,,,,
pnat11,,,,
pnat12,,,,
pnat13,,,,
pnat14,,,,
pnat15,,,,
pnat16,,,,
pnatnr,,,,
pnatnra,,,,
pnerw01,,,,
pnerw02,,,,
pnerw03,,,,
pnerw04,,,,
pnerw05,,,,
pnerw06,,,,
pnerw07,,,,
pnerw08,,,,
pnerw09,,,,
pnerw10,,,,
pnerw11,,,,
pnerw12,,,,
pnerw13,,,,
pnerw14,,,,
pnett,,,,
pnr,,,,
pnrfest,,,,
pnte1,,,,
pnte2,,,,
pnte3,,,,
pnte4,,,,
pnte5,,,,
poed,,,,
popt1,,,,
popt2,,,,
popt3,,,,
popt4,,,,
popt5,,,,
popt6,,,,
pp1,,,,
pp2,,,,
ppfleg,,,,
ppgeb,,,,
ppgebmo,,,,
ppkv01,,,,
ppkv02,,,,
ppkv03,,,,
ppkv04,,,,
ppkv05,,,,
ppkv06,,,,
ppkv09,,,,
ppkv10,,,,
ppkvgr1,,,,
ppkvgr2,,,,
ppkvgr3,,,,
ppkvgr4,,,,
ppkvgr5,,,,
ppkvgr6,,,,
ppkvgr7,,,,
ppkvgrno,,,,
ppkwzul01,,,,
ppkwzul02,,,,
ppnatnr,,,,
ppnr,,,,
ppol1,,,,
ppol2,,,,
ppol3,,,,
ppol4,,,,
ppol5,,,,
ppol6,,,,
ppol7,,,,
ppoz1,,,,
ppoz2,,,,
ppoz3,,,,
ppoz4,,,,
ppsych,,,,
prauch1,,,,
prauch1a,,,,
prauch2,,,,
prauch2a,,,,
prauch2b,,,,
prauch3,,,,
prauch3b,,,,
prauch4,,,,
prauch4b,,,,
prauch8,,,,
prauch9,,,,
prauchka,,,,
prauchkab,,,,
prauchvb1,,,,
prauchvb2,,,,
prauchvb3,,,,
prauchvb4,,,,
prauchvb5,,,,
prauchvb6,,,,
prauchvbno,,,,
precht01,,,,
precht02,,,,
precht03,,,,
precht04,,,,
precht05,,,,
precht06,,,,
precht07,,,,
precht08,,,,
precht09,,,,
precht10,,,,
precht11,,,,
precht12,,,,
precht13,,,,
precht14,,,,
precht15,,,,
preg,,,,
prel,,,,
priest,,,,
prisk,,,,
prisk2,,,,
prisk3,,,,
prisk4,,,,
prisk5,,,,
prisk6,,,,
prisk7,,,,
prisk8,,,,
psa1,,,,
psa2,,,,
psa3,,,,
psa4,,,,
psa5,,,,
psa6,,,,
psa7,,,,
psa8,,,,
psach11,,,,
psach12,,,,
psach13,,,,
psach14,,,,
psach21,,,,
psach22,,,,
psach23,,,,
psach24,,,,
psaka,,,,
pschl1,,,,
pschl1t,,,,
pschl2,,,,
pschl2t,,,,
pseitj,,,,
pseitm,,,,
psex,,,,
pso1,,,,
pso2,,,,
pso3,,,,
pso4,,,,
pso5,,,,
pso6,,,,
pso7,,,,
pso8,,,,
psoka,,,,
pson01,,,,
pson02,,,,
pson03,,,,
pson04,,,,
pson05,,,,
pson06,,,,
pson07,,,,
pson08,,,,
pson09,,,,
pson10,,,,
pson11,,,,
pson12,,,,
pson13,,,,
pson14,,,,
psor01,,,,
psor02,,,,
psor03,,,,
psor04,,,,
psor05,,,,
psor06,,,,
psor07,,,,
psor08,,,,
psor09,,,,
psor10,,,,
psor12,,,,
psor13,,,,
psor14,,,,
psor15,,,,
psor16,,,,
psor17,,,,
psornr,,,,
psp1,,,,
psp3,,,,
psp4,,,,
psp6,,,,
pspcode1,,,,
pspcode2,,,,
pspend1,,,,
pspend2,,,,
pspend3,,,,
pspend4,,,,
pspend5,,,,
pspf1,,,,
pspf3,,,,
pspf6,,,,
pspf7,,,,
psst1,,,,
psst2,,,,
psst3,,,,
psst4,,,,
psta1,,,,
psta2,,,,
psta2nr,,,,
psta3,,,,
psti1,,,,
psti2,,,,
psti3,,,,
psti4,,,,
psuch1,,,,
psuch2,,,,
punt101,,,,
punt102,,,,
punt103,,,,
punt104,,,,
punt11,,,,
punt12,,,,
punt13,,,,
punt14,,,,
punt21,,,,
punt22,,,,
punt23,,,,
punt24,,,,
punt31,,,,
punt32,,,,
punt33,,,,
punt34,,,,
punt41,,,,
punt42,,,,
punt43,,,,
punt44,,,,
punt51,,,,
punt52,,,,
punt53,,,,
punt54,,,,
punt61,,,,
punt62,,,,
punt63,,,,
punt64,,,,
punt71,,,,
punt72,,,,
punt73,,,,
punt74,,,,
punt81,,,,
punt82,,,,
punt83,,,,
punt84,,,,
punt91,,,,
punt92,,,,
punt93,,,,
punt94,,,,
puntno,,,,
puntno2,,,,
purl1,,,,
purl2,,,,
purl3,,,,
purl4,,,,
purl5,,,,
purl6,,,,
purl7,,,,
purl8,,,,
pustd1,,,,
pustd2,,,,
pustd3,,,,
pustd4,,,,
pustd5,,,,
pustd6,,,,
pustd7,,,,
pvek01,,,,
pvek011,,,,
pvek012,,,,
pvek013,,,,
pvek02,,,,
pvek021,,,,
pvek022,,,,
pvek023,,,,
pvek03,,,,
pvek031,,,,
pvek032,,,,
pvek04,,,,
pvek041,,,,
pvek05,,,,
pvek051,,,,
pvek06,,,,
pvek061,,,,
pvek062,,,,
pvek07,,,,
pvek071,,,,
pvek08,,,,
pvek081,,,,
pvek082,,,,
pvek09,,,,
pvek091,,,,
pvek092,,,,
pvek10,,,,
pvek101,,,,
pvek102,,,,
pvek11,,,,
pvek111,,,,
pvek112,,,,
pvek12,,,,
pvek121,,,,
pvek122,,,,
pvek13,,,,
pvek131,,,,
pvek132,,,,
pvek18,,,,
pvek181,,,,
pvek182,,,,
pvek19,,,,
pvek191,,,,
pvek192,,,,
pvekno,,,,
pver01,,,,
pver02,,,,
pver03,,,,
pver04,,,,
pver05,,,,
pver06,,,,
pver07,,,,
pver08,,,,
pver09,,,,
pver10,,,,
pver11,,,,
pvergl9,,,,
pverh1,,,,
pverh2,,,,
pverh3,,,,
pverh4,,,,
pverl,,,,
pverm1,,,,
pverm2,,,,
pverm3,,,,
pverm4,,,,
pvertr,,,,
pverzu,,,,
pvor1,,,,
pvor2,,,,
pvor3,,,,
pwahl,,,,
pwb008,,,,
pwb01,,,,
pwb12,,,,
pwb13,,,,
pwb14,,,,
pwb15,,,,
pwb161,,,,
pwb162,,,,
pwb163,,,,
pwb171,,,,
pwb172,,,,
pwb173,,,,
pwb181,,,,
pwb182,,,,
pwb183,,,,
pwb191,,,,
pwb192,,,,
pwb193,,,,
pwb2012008,,,,
pwb202,,,,
pwb203,,,,
pwb211,,,,
pwb212,,,,
pwb213,,,,
pwb221,,,,
pwb222,,,,
pwb223,,,,
pwb231,,,,
pwb232,,,,
pwb233,,,,
pwb241,,,,
pwb242,,,,
pwb243,,,,
pwb251,,,,
pwb252,,,,
pwb253,,,,
pwb261,,,,
pwb262,,,,
pwb263,,,,
pwb271,,,,
pwb272,,,,
pwb273,,,,
pwb281,,,,
pwb282,,,,
pwb283,,,,
pwb291,,,,
pwb292,,,,
pwb293,,,,
pwb301,,,,
pwb302,,,,
pwb303,,,,
pwb311,,,,
pwb312,,,,
pwb313,,,,
pwb321,,,,
pwb322,,,,
pwb323,,,,
pwb331,,,,
pwb332,,,,
pwb333,,,,
pwb341,,,,
pwb342,,,,
pwb343,,,,
pwb351,,,,
pwb352,,,,
pwb353,,,,
pwerk1,,,,
pwerk2,,,,
pwerk3,,,,
pwerk4,,,,
pwerk5,,,,
pwerk6,,,,
pwerk7,,,,
pwerk8,,,,
pwerkka,,,,
pwexl1,,,,
pwexl10,,,,
pwexl11,,,,
pwexl12,,,,
pwexl13,,,,
pwexl2,,,,
pwexl3,,,,
pwexl4,,,,
pwexl5,,,,
pwexl6,,,,
pwexl7,,,,
pwexl8,,,,
pwexl9,,,,
pwexlka,,,,
pwich1,,,,
pwich2,,,,
pwich3,,,,
pwich4,,,,
pwich5,,,,
pwich6,,,,
pwich7,,,,
pwich8,,,,
pwich9,,,,
pwohn1,,,,
pwohn2,,,,
pwohn3,,,,
pwohn4,,,,
pwohn5,,,,
pwohnvb02,,,,
pwohnvb03,,,,
pwohnvb04,,,,
pwohnvb05,,,,
pwohnvb06,,,,
pwohnvb07,,,,
pwohnvb08,,,,
pwohnvb09,,,,
pwohnvb10,,,,
pwohnvb11,,,,
pwohnvb12,,,,
pwort,,,,
pwr1,,,,
pwr2,,,,
pwr3,,,,
pwr4,,,,
pwr5,,,,
pwr6,,,,
pwr7,,,,
pwr8,,,,
pwrka,,,,
pwrla1,,,,
pwrla2,,,,
pwrla3,,,,
pwrla4,,,,
pwrla5,,,,
pwrla6,,,,
pwrla7,,,,
pwrla8,,,,
pwrla9,,,,
pwrso,,,,
pzaf,,,,
pzahl,,,,
pzahl2,,,,
pzu01,,,,
pzu02,,,,
pzu03,,,,
pzu04,,,,
pzu05,,,,
pzu06,,,,
pzu07,,,,
pzu08,,,,
pzu09,,,,
pzu10,,,,
pzu11,,,,
pzu15,,,,
pzuf01,,,,
pzuf02,,,,
pzuf03,,,,
pzuf04,,,,
pzuf05,,,,
pzuf06,,,,
pzuf07,,,,
pzuf08,,,,
pzuf09,,,,
pzuf12,,,,
pzuf13,,,,
pzuf14,,,,
pzuf19,,,,
pzuf20,,,,
pzuf21,,,,
pzufg1,,,,
pzufg2,,,,
pzufg3,,,,
pzufgka,,,,
pzufmo1,,,,
pzufmo2,,,,
pzufw1,,,,
pzufw2,,,,
pzufw3,,,,
pzufw4,,,,
pzufw5,,,,
pzufw6,,,,
pzufw7,,,,
pzug01,,,,
pzug02,,,,
pzug03,,,,
pzug04,,,,
pzug05,,,,
pzug06,,,,
pzug07,,,,
pzug09,,,,
pzugnr,,,,
pzule1,,,,
pzule2,,,,
pzule3,,,,
pzus01,,,,
pzus011,,,,
pzus02,,,,
pzus021,,,,
pzus03,,,,
pzus031,,,,
pzus04,,,,
pzus041,,,,
pzus05,,,,
pzus051,,,,
pzus06,,,,
pzus061,,,,
pzus07,,,,
pzus08,,,,
pzus081,,,,
pzus11,,,,
pzus12,,,,
respid,,,,
sample1,,,,
stichu,,,,
urhh,,,,
welle,,,,
yausku,,,,
yh0201,,,,
yh0202,,,,
yh0203,,,,
yh0204,,,,
yh0205,,,,
yh0206,,,,
yh0207,,,,
yh0208,,,,
yh0209,,,,
yh0210,,,,
yh0211,,,,
yh0212,,,,
yh0213,,,,
yh0214,,,,
yh0215,,,,
yh0301,,,,
yh0302,,,,
yh0303,,,,
yh0304,,,,
yh0305,,,,
yh0306,,,,
yh0307,,,,
yh0401,,,,
yh0402,,,,
yh05,,,,
yh06,,,,
yh07,,,,
yh0801,,,,
yh0802,,,,
yh09,,,,
yh10,,,,
yh11,,,,
yh12,,,,
yh13,,,,
yh1401,,,,
yh1402,,,,
yh1403,,,,
yh1404,,,,
yh1405,,,,
yh1406,,,,
yh1407,,,,
yh1408,,,,
yh1409,,,,
yh1410,,,,
yh1411,,,,
yh1501,,,,
yh1502,,,,
yh1503,,,,
yh1504,,,,
yh1505,,,,
yh1506,,,,
yh16,,,,
yh17,,,,
yh18,,,,
yh1901,,,,
yh1902,,,,
yh1903,,,,
yh20,,,,
yh21,,,,
yh22,,,,
yh2301,,,,
yh2302,,,,
yh24,,,,
yh25,,,,
yh2601,,,,
yh2602,,,,
yh2603,,,,
yh2604,,,,
yh27,,,,
yh28,,,,
yh29,,,,
yh30,,,,
yh31,,,,
yh32,,,,
yh33,,,,
yh3401,,,,
yh3402,,,,
yh35,,,,
yh3601,,,,
yh3602,,,,
yh3701,,,,
yh3702,,,,
yh38,,,,
yh39,,,,
yh4001,,,,
yh4002,,,,
yh4101,,,,
yh4102,,,,
yh42,,,,
yh43,,,,
yh44,,,,
yh4501,,,,
yh4502,,,,
yh4503,,,,
yh4504,,,,
yh4505,,,,
yh4506,,,,
yh4507,,,,
yh4508,,,,
yh4509,,,,
yh4510,,,,
yh4601,,,,
yh4602,,,,
yh4701,,,,
yh4702,,,,
yh4703,,,,
yh4704,,,,
yh4705,,,,
yh48,,,,
yh4901,,,,
yh4902,,,,
yh4903,,,,
yh4904,,,,
yh4905,,,,
yh4906,,,,
yh4907,,,,
yh4908,,,,
yh4909,,,,
yh4910,,,,
yh4911,,,,
yh4912,,,,
yh4913,,,,
yh5001,,,,
yh5002,,,,
yh5003,,,,
yh5004,,,,
yh5005,,,,
yh5006,,,,
yh5007,,,,
yh5008,,,,
yh5009,,,,
yh5010,,,,
yh5011,,,,
yh5101,,,,
yh5102,,,,
yh5103,,,,
yh5104,,,,
yh5105,,,,
yh5106,,,,
yh5107,,,,
yh5108,,,,
yh5109,,,,
yh5110,,,,
yh5111,,,,
yh5112,,,,
yh5113,,,,
yh5114,,,,
yh5201,,,,
yh5202,,,,
yh5301,,,,
yh5302,,,,
yh5401,,,,
yh5402,,,,
yh5403,,,,
yh5404,,,,
yh5405,,,,
yh5406,,,,
yh5407,,,,
yh5408,,,,
yh5409,,,,
yh5410,,,,
yh5411,,,,
yh5412,,,,
yh5413,,,,
yh5414,,,,
yh5415,,,,
yh5416,,,,
yh5417,,,,
yh5418,,,,
yh5419,,,,
yh5420,,,,
yh5421,,,,
yh5422,,,,
yh5423,,,,
yh5424,,,,
yh5425,,,,
yh5426,,,,
yh5427,,,,
yh5428,,,,
yh5429,,,,
yh5430,,,,
yh5431,,,,
yh5432,,,,
yh55,,,,
yh56,,,,
yh5701,,,,
yh5702,,,,
yh5703,,,,
yh5704,,,,
yh5705,,,,
yh5706,,,,
yh5801,,,,
yh5802,,,,
yh5901,,,,
yh5902,,,,
yh5903,,,,
yh5904,,,,
yh5905,,,,
yh5906,,,,
yh5907,,,,
yh5908,,,,
yh5909,,,,
yh60,,,,
yh61,,,,
yhhdaer1,,,,
yhhdaer2,,,,
yhhmonin,,,,
yhhtagin,,,,
yhintnr,,,,
yhivform,,,,
yhpmax,,,,
yp0101,,,,
yp0102,,,,
yp0103,,,,
yp0104,,,,
yp0105,,,,
yp0106,,,,
yp0107,,,,
yp0108,,,,
yp0109,,,,
yp0110,,,,
yp0111,,,,
yp0201,,,,
yp0202,,,,
yp0203,,,,
yp0204,,,,
yp0301,,,,
yp0302,,,,
yp0303,,,,
yp04,,,,
yp05,,,,
yp06,,,,
yp0701,,,,
yp0702,,,,
yp0703,,,,
yp08,,,,
yp09,,,,
yp10,,,,
yp100,,,,
yp101,,,,
yp10201,,,,
yp10202,,,,
yp10203,,,,
yp10204,,,,
yp10205,,,,
yp10206,,,,
yp10207,,,,
yp10208,,,,
yp10209,,,,
yp10210,,,,
yp10301,,,,
yp10302,,,,
yp104,,,,
yp10501,,,,
yp10502,,,,
yp10503,,,,
yp10504,,,,
yp10601,,,,
yp10602,,,,
yp10603,,,,
yp10604,,,,
yp10605,,,,
yp107,,,,
yp108,,,,
yp10901,,,,
yp10902,,,,
yp11,,,,
yp11001,,,,
yp11002,,,,
yp111,,,,
yp11201,,,,
yp11202,,,,
yp113,,,,
yp11401,,,,
yp11402,,,,
yp115,,,,
yp116,,,,
yp117,,,,
yp118,,,,
yp119,,,,
yp12001,,,,
yp12002,,,,
yp12003,,,,
yp12004,,,,
yp12005,,,,
yp12006,,,,
yp12007,,,,
yp12008,,,,
yp12009,,,,
yp1201,,,,
yp12010,,,,
yp1202,,,,
yp1203,,,,
yp1204,,,,
yp1205,,,,
yp1206,,,,
yp1207,,,,
yp1208,,,,
yp1209,,,,
yp121,,,,
yp12201,,,,
yp12202,,,,
yp12301,,,,
yp12302,,,,
yp12303,,,,
yp12304,,,,
yp12305,,,,
yp12306,,,,
yp124,,,,
yp12501,,,,
yp12502,,,,
yp12601,,,,
yp12602,,,,
yp127,,,,
yp12801,,,,
yp12802,,,,
yp129,,,,
yp13,,,,
yp130,,,,
yp13101,,,,
yp13102,,,,
yp13201,,,,
yp13202,,,,
yp13203,,,,
yp13204,,,,
yp13205,,,,
yp13206,,,,
yp13207,,,,
yp13208,,,,
yp13209,,,,
yp13210,,,,
yp13211,,,,
yp13212,,,,
yp133,,,,
yp13401,,,,
yp13402,,,,
yp13403,,,,
yp13404,,,,
yp135,,,,
yp136,,,,
yp137,,,,
yp13801,,,,
yp13802,,,,
yp139,,,,
yp14,,,,
yp140,,,,
yp141,,,,
yp142,,,,
yp143,,,,
yp144,,,,
yp14501,,,,
yp14502,,,,
yp14503,,,,
yp146,,,,
yp147,,,,
yp14801,,,,
yp14802,,,,
yp149,,,,
yp15,,,,
yp15001,,,,
yp15002,,,,
yp15003,,,,
yp151,,,,
yp152,,,,
yp153011,,,,
yp153012,,,,
yp153013,,,,
yp153014,,,,
yp153021,,,,
yp153022,,,,
yp153023,,,,
yp153024,,,,
yp153031,,,,
yp153032,,,,
yp153033,,,,
yp153034,,,,
yp153041,,,,
yp153042,,,,
yp153043,,,,
yp153044,,,,
yp153051,,,,
yp153052,,,,
yp153053,,,,
yp153054,,,,
yp15306,,,,
yp15401,,,,
yp15402,,,,
yp15403,,,,
yp15404,,,,
yp15405,,,,
yp15406,,,,
yp15407,,,,
yp15408,,,,
yp15409,,,,
yp15410,,,,
yp15411,,,,
yp15412,,,,
yp15413,,,,
yp15414,,,,
yp15415,,,,
yp15416,,,,
yp15417,,,,
yp15418,,,,
yp15419,,,,
yp15420,,,,
yp15421,,,,
yp15422,,,,
yp15423,,,,
yp15424,,,,
yp15425,,,,
yp15426,,,,
yp15427,,,,
yp15428,,,,
yp15429,,,,
yp15430,,,,
yp15431,,,,
yp15432,,,,
yp15433,,,,
yp15434,,,,
yp15435,,,,
yp15436,,,,
yp15437,,,,
yp15501,,,,
yp15502,,,,
yp15503,,,,
yp16,,,,
yp1701,,,,
yp1702,,,,
yp1703,,,,
yp1704,,,,
yp1705,,,,
yp1706,,,,
yp1801,,,,
yp1802,,,,
yp1803,,,,
yp1804,,,,
yp1805,,,,
yp1806,,,,
yp1807,,,,
yp1808,,,,
yp1809,,,,
yp1810,,,,
yp1811,,,,
yp1812,,,,
yp1813,,,,
yp1814,,,,
yp1815,,,,
yp1816,,,,
yp1817,,,,
yp1818,,,,
yp19,,,,
yp20,,,,
yp21,,,,
yp22,,,,
yp23,,,,
yp2401,,,,
yp2402,,,,
yp25,,,,
yp26,,,,
yp27,,,,
yp2801,,,,
yp2802,,,,
yp29,,,,
yp3001,,,,
yp3002,,,,
yp3003,,,,
yp3101,,,,
yp3102,,,,
yp32,,,,
yp33,,,,
yp3401,,,,
yp3402,,,,
yp36,,,,
yp37,,,,
yp3801,,,,
yp3802,,,,
yp3803,,,,
yp3804,,,,
yp39,,,,
yp41,,,,
yp4201,,,,
yp4202,,,,
yp43,,,,
yp44,,,,
yp45,,,,
yp4601,,,,
yp4602a,,,,
yp4602b,,,,
yp4602c,,,,
yp4602d,,,,
yp4603,,,,
yp4604,,,,
yp4605,,,,
yp4606,,,,
yp47,,,,
yp4801,,,,
yp4802,,,,
yp4803,,,,
yp4804,,,,
yp49,,,,
yp50,,,,
yp51,,,,
yp52,,,,
yp53,,,,
yp5401,,,,
yp5402,,,,
yp55,,,,
yp5601,,,,
yp5602,,,,
yp5701,,,,
yp5702,,,,
yp5801,,,,
yp5802,,,,
yp5803,,,,
yp5901,,,,
yp5902,,,,
yp60,,,,
yp61,,,,
yp62,,,,
yp6301,,,,
yp6302,,,,
yp64,,,,
yp6501,,,,
yp6502,,,,
yp66,,,,
yp6701,,,,
yp6702,,,,
yp6703,,,,
yp6801,,,,
yp6802,,,,
yp6901,,,,
yp6902,,,,
yp6903,,,,
yp6904,,,,
yp6905,,,,
yp6906,,,,
yp6907,,,,
yp7001,,,,
yp7002,,,,
yp7003,,,,
yp7004,,,,
yp7005,,,,
yp7006,,,,
yp7007,,,,
yp7101,,,,
yp7102,,,,
yp7103,,,,
yp7104,,,,
yp73,,,,
yp74,,,,
yp75,,,,
yp76,,,,
yp7701,,,,
yp7702,,,,
yp7703,,,,
yp7704,,,,
yp7705,,,,
yp7706,,,,
yp7707,,,,
yp7708,,,,
yp7709,,,,
yp7710,,,,
yp7711,,,,
yp7712,,,,
yp7713,,,,
yp7714,,,,
yp7715,,,,
yp7716,,,,
yp7717,,,,
yp7718,,,,
yp7719,,,,
yp7720,,,,
yp7721,,,,
yp7722,,,,
yp7801,,,,
yp7802,,,,
yp7803,,,,
yp7804,,,,
yp7805,,,,
yp7806,,,,
yp7807,,,,
yp7808,,,,
yp7809,,,,
yp7901,,,,
yp7902,,,,
yp7903,,,,
yp7904,,,,
yp80,,,,
yp8101,,,,
yp8102,,,,
yp8103,,,,
yp82,,,,
yp83a101,,,,
yp83a102,,,,
yp83a103,,,,
yp83a201,,,,
yp83a202,,,,
yp83a203,,,,
yp83b101,,,,
yp83b102,,,,
yp83b103,,,,
yp83b201,,,,
yp83b202,,,,
yp83b203,,,,
yp83b301,,,,
yp83b302,,,,
yp83b303,,,,
yp83c101,,,,
yp83c102,,,,
yp83c103,,,,
yp83c201,,,,
yp83c202,,,,
yp83c203,,,,
yp83d101,,,,
yp83d102,,,,
yp83d103,,,,
yp83d201,,,,
yp83d202,,,,
yp83d203,,,,
yp83d301,,,,
yp83d302,,,,
yp83d303,,,,
yp83d401,,,,
yp83d402,,,,
yp83d403,,,,
yp83d501,,,,
yp83d502,,,,
yp83d503,,,,
yp83e101,,,,
yp83e102,,,,
yp83e103,,,,
yp83f101,,,,
yp83f102,,,,
yp83f103,,,,
yp83f201,,,,
yp83f202,,,,
yp83f203,,,,
yp83g101,,,,
yp83g102,,,,
yp83g103,,,,
yp83h101,,,,
yp83h102,,,,
yp83h103,,,,
yp83j101,,,,
yp83j102,,,,
yp83j103,,,,
yp83k101,,,,
yp83k102,,,,
yp83k103,,,,
yp83l101,,,,
yp83l102,,,,
yp83l103,,,,
yp8401,,,,
yp8402,,,,
yp8403,,,,
yp8404,,,,
yp85,,,,
yp86,,,,
yp8701,,,,
yp8702,,,,
yp8703,,,,
yp8704,,,,
yp8705,,,,
yp8706,,,,
yp8707,,,,
yp88,,,,
yp8901,,,,
yp8902,,,,
yp8903,,,,
yp9001,,,,
yp9002,,,,
yp91,,,,
yp9201,,,,
yp9202,,,,
yp93,,,,
yp9401,,,,
yp9402,,,,
yp9403,,,,
yp9404,,,,
yp9405,,,,
yp9406,,,,
yp9407,,,,
yp9408,,,,
yp9409,,,,
yp9410,,,,
yp9411,,,,
yp9412,,,,
yp9413,,,,
yp95a01,,,,
yp95a02,,,,
yp95a03,,,,
yp95a04,,,,
yp95b01,,,,
yp95b02,,,,
yp95b03,,,,
yp95b04,,,,
yp95c01,,,,
yp95c02,,,,
yp95c03,,,,
yp95d01,,,,
yp95d02,,,,
yp95e01,,,,
yp95e02,,,,
yp95h01,,,,
yp95h02,,,,
yp95h03,,,,
yp95j01,,,,
yp95j02,,,,
yp95j03,,,,
yp95k01,,,,
yp95k02,,,,
yp95k03,,,,
yp95l01,,,,
yp95l02,,,,
yp95l03,,,,
yp95m01,,,,
yp95m02,,,,
yp95m03,,,,
yp95n01,,,,
yp95n02,,,,
yp95n03,,,,
yp95o01,,,,
yp95o02,,,,
yp95o03,,,,
yp95p01,,,,
yp95q01,,,,
yp95q02,,,,
yp9601,,,,
yp9602,,,,
yp9603,,,,
yp9604,,,,
yp9605,,,,
yp9606,,,,
yp9607,,,,
yp9608,,,,
yp9609,,,,
yp9610,,,,
yp9611,,,,
yp9612,,,,
yp9613,,,,
yp9701,,,,
yp9702,,,,
yp9801,,,,
yp9802,,,,
yp9803,,,,
yp9804,,,,
yp9805,,,,
yp9806,,,,
yp9807,,,,
yp9808,,,,
yp9809,,,,
yp9810,,,,
yp9811,,,,
yp9812,,,,
yp9813,,,,
yp9814,,,,
yp9815,,,,
yp9816,,,,
yp9817,,,,
yp9818,,,,
yp9819,,,,
yp9820,,,,
yp99,,,,
ypdauer1,,,,
ypdauer2,,,,
ypinta,,,,
ypintnr,,,,
ypmonin,,,,
ypnr,,,,
yptagin,,,,
zausku,,,,
zb0101,,,,
zb0102,,,,
zb02,,,,
zb03,,,,
zb04,,,,
zb05,,,,
zb06,,,,
zb0701,,,,
zb0702,,,,
zb0703,,,,
zb08,,,,
zb09,,,,
zb10,,,,
zb11,,,,
zb12,,,,
zb13,,,,
zb1401,,,,
zb1402,,,,
zb1403,,,,
zb1404,,,,
zb1405,,,,
zb1406,,,,
zb1407,,,,
zb1408,,,,
zb1501,,,,
zb1502,,,,
zb1503,,,,
zb1504,,,,
zb16,,,,
zb1701,,,,
zb1702,,,,
zb1801,,,,
zb1802,,,,
zb1803,,,,
zb1804,,,,
zb1805,,,,
zb1901,,,,
zb1902,,,,
zb1903,,,,
zb1904,,,,
zb1905,,,,
zb1906,,,,
zb1907,,,,
zb1908,,,,
zb1909,,,,
zb20,,,,
zb2101,,,,
zb2102,,,,
zb2103,,,,
zb2104,,,,
zb2205,,,,
zb2206,,,,
zb2301,,,,
zb2302,,,,
zb2304,,,,
zb2306,,,,
zb23a01,,,,
zb23a02,,,,
zb2401,,,,
zb2402,,,,
zb2501,,,,
zb2502,,,,
zb2701,,,,
zb2702,,,,
zb2703,,,,
zb2704,,,,
zb2705,,,,
zb2706,,,,
zb2707,,,,
zb2708,,,,
zb2709,,,,
zb2710,,,,
zb2801,,,,
zb2802,,,,
zb29,,,,
zb3001,,,,
zb3002,,,,
zb3003,,,,
zb3101,,,,
zb3102,,,,
zb32,,,,
zb33,,,,
zb34,,,,
zb35,,,,
zb3601,,,,
zb3602,,,,
zb3603,,,,
zb3604,,,,
zb3605,,,,
zb3606,,,,
zb3607,,,,
zb3608,,,,
zb3609,,,,
zb3610,,,,
zb3611,,,,
zb3612,,,,
zb3613,,,,
zb3614,,,,
zb3615,,,,
zb3616,,,,
zb3617,,,,
zb3618,,,,
zb3619,,,,
zb3620,,,,
zb3701,,,,
zb3702,,,,
zb38,,,,
zb39,,,,
zb40,,,,
zb41,,,,
zb42,,,,
zb43,,,,
zb44,,,,
zb45,,,,
zb46,,,,
zb4701,,,,
zb4703,,,,
zb4705,,,,
zb4707,,,,
zb4709,,,,
zb4711,,,,
zb4713,,,,
zb4715,,,,
zb48,,,,
zb49,,,,
zb5001,,,,
zb5002,,,,
zb5003,,,,
zb5004,,,,
zb5005,,,,
zb5006,,,,
zb51,,,,
zb5201,,,,
zb5202,,,,
zb53,,,,
zb5401,,,,
zb5402,,,,
zb5403,,,,
zb5404,,,,
zb5405,,,,
zb5406,,,,
zb5407,,,,
zb5408,,,,
zb5501,,,,
zb5502,,,,
zb56,,,,
zb5701,,,,
zb5702,,,,
zb5703,,,,
zb5704,,,,
zb5705,,,,
zb5706,,,,
zb5707,,,,
zb5708,,,,
zb59,,,,
zb60a,,,,
zb6101,,,,
zb6102,,,,
zb62,,,,
zb63,,,,
zb64,,,,
zb65,,,,
zb6701,,,,
zb6702,,,,
zb6703,,,,
zb6704,,,,
zb6705,,,,
zb6706,,,,
zb6707,,,,
zb6708,,,,
zb6709,,,,
zb68,,,,
zb6901,,,,
zb6902,,,,
zb6903,,,,
zb6904,,,,
zb7001,,,,
zb7002,,,,
zb7003,,,,
zb7004,,,,
zb7005,,,,
zb7006,,,,
zb7007,,,,
zb7008,,,,
zb7009,,,,
zb7010,,,,
zb7011,,,,
zb7012,,,,
zb7013,,,,
zb7014,,,,
zb7015,,,,
zb7016,,,,
zb7017,,,,
zb7018,,,,
zb7019,,,,
zb7020,,,,
zb7021,,,,
zb7022,,,,
zb7023,,,,
zb7024,,,,
zb7025,,,,
zb7026,,,,
zb71,,,,
zb7201,,,,
zb7202,,,,
zb7203,,,,
zb7204,,,,
zb7205,,,,
zb7206,,,,
zb7207,,,,
zb7208,,,,
zb7209,,,,
zb73,,,,
zb7401,,,,
zb7402,,,,
zb7403,,,,
zbinta,,,,
zbintc01,,,,
zbintc02,,,,
zbintnr,,,,
zbmonin,,,,
zbtagin,,,,
zh01,,,,
zh0201,,,,
zh0202,,,,
zh0203,,,,
zh0204,,,,
zh0205,,,,
zh0206,,,,
zh0207,,,,
zh0208,,,,
zh0209,,,,
zh0210,,,,
zh0211,,,,
zh0212,,,,
zh0213,,,,
zh0214,,,,
zh0215,,,,
zh0216,,,,
zh0217,,,,
zh0301,,,,
zh0302,,,,
zh0303,,,,
zh0304,,,,
zh0305,,,,
zh0306,,,,
zh0307,,,,
zh0401,,,,
zh0402,,,,
zh05,,,,
zh06,,,,
zh07,,,,
zh0801,,,,
zh0802,,,,
zh09,,,,
zh10,,,,
zh11,,,,
zh12,,,,
zh13,,,,
zh1401,,,,
zh1402,,,,
zh1403,,,,
zh1404,,,,
zh1405,,,,
zh1406,,,,
zh1407,,,,
zh1408,,,,
zh1409,,,,
zh1410,,,,
zh1411,,,,
zh1412,,,,
zh1413,,,,
zh1501,,,,
zh1502,,,,
zh1503,,,,
zh1504,,,,
zh1505,,,,
zh1506,,,,
zh1507,,,,
zh1508,,,,
zh16,,,,
zh17,,,,
zh18,,,,
zh1901,,,,
zh1902,,,,
zh1903,,,,
zh20,,,,
zh21,,,,
zh22,,,,
zh2301,,,,
zh2302,,,,
zh24,,,,
zh25,,,,
zh2601,,,,
zh2602,,,,
zh2603,,,,
zh2604,,,,
zh27,,,,
zh28,,,,
zh29,,,,
zh30,,,,
zh31,,,,
zh32,,,,
zh33,,,,
zh3401,,,,
zh3402,,,,
zh35,,,,
zh3601,,,,
zh3602,,,,
zh3701,,,,
zh3702,,,,
zh38,,,,
zh39,,,,
zh4001,,,,
zh4002,,,,
zh4101,,,,
zh4102,,,,
zh42,,,,
zh43,,,,
zh44,,,,
zh4501,,,,
zh4502,,,,
zh4503,,,,
zh4504,,,,
zh4505,,,,
zh4506,,,,
zh4507,,,,
zh4508,,,,
zh4509,,,,
zh4510,,,,
zh4601,,,,
zh4602,,,,
zh4701,,,,
zh4702,,,,
zh4703,,,,
zh4704,,,,
zh4705,,,,
zh48,,,,
zh4901,,,,
zh4902,,,,
zh4903,,,,
zh4904,,,,
zh4905,,,,
zh4906,,,,
zh4907,,,,
zh4908,,,,
zh4909,,,,
zh4910,,,,
zh4911,,,,
zh4912,,,,
zh4913,,,,
zh4914,,,,
zh4915,,,,
zh4916,,,,
zh5001,,,,
zh5002,,,,
zh5003,,,,
zh5004,,,,
zh5005,,,,
zh5006,,,,
zh5007,,,,
zh5008,,,,
zh5009,,,,
zh5010,,,,
zh5011,,,,
zh5101,,,,
zh5102,,,,
zh5103,,,,
zh5104,,,,
zh5105,,,,
zh5106,,,,
zh5107,,,,
zh5108,,,,
zh5109,,,,
zh5110,,,,
zh5111,,,,
zh5112,,,,
zh5113,,,,
zh5114,,,,
zh5115,,,,
zh5116,,,,
zh5201,,,,
zh5202,,,,
zh5301,,,,
zh5302,,,,
zh54,,,,
zh5501,,,,
zh5502,,,,
zh5503,,,,
zh5504,,,,
zh5505,,,,
zh5506,,,,
zh5507,,,,
zh5508,,,,
zh5509,,,,
zh5510,,,,
zh5511,,,,
zh5512,,,,
zh5601,,,,
zh5602,,,,
zh5603,,,,
zh57,,,,
zh58,,,,
zh59,,,,
zh60,,,,
zh6101,,,,
zh6102,,,,
zh62,,,,
zh6301,,,,
zh6302,,,,
zh6303,,,,
zh6304,,,,
zh6305,,,,
zh6306,,,,
zh6401,,,,
zh6402,,,,
zh6501,,,,
zh6502,,,,
zh6503,,,,
zh6504,,,,
zh6505,,,,
zh6506,,,,
zh6507,,,,
zh6508,,,,
zh6509,,,,
zh6601,,,,
zh6602,,,,
zh67,,,,
zhhdaer,,,,
zhhdaer1,,,,
zhhdaer2,,,,
zhhmonin,,,,
zhhnr,,,,
zhhtagin,,,,
zhintnr,,,,
zhivform,,,,
zhpmax,,,,
znetto,,,,
zp0101,,,,
zp0102,,,,
zp0103,,,,
zp0104,,,,
zp0105,,,,
zp0106,,,,
zp0107,,,,
zp0108,,,,
zp0109,,,,
zp0110,,,,
zp0111,,,,
zp0201,,,,
zp0202,,,,
zp0203,,,,
zp0204,,,,
zp0205,,,,
zp0206,,,,
zp0207,,,,
zp0208,,,,
zp0209,,,,
zp0210,,,,
zp0211,,,,
zp0212,,,,
zp0213,,,,
zp0214,,,,
zp0215,,,,
zp0216,,,,
zp0217,,,,
zp0218,,,,
zp0219,,,,
zp0220,,,,
zp0221,,,,
zp0222,,,,
zp0223,,,,
zp0224,,,,
zp0225,,,,
zp0226,,,,
zp0227,,,,
zp0301,,,,
zp0302,,,,
zp0303,,,,
zp0304,,,,
zp0305,,,,
zp0306,,,,
zp0307,,,,
zp0308,,,,
zp0309,,,,
zp04,,,,
zp05,,,,
zp06,,,,
zp07,,,,
zp0801,,,,
zp0802,,,,
zp0803,,,,
zp0804,,,,
zp0805,,,,
zp0806,,,,
zp09,,,,
zp10,,,,
zp100,,,,
zp10101,,,,
zp10102,,,,
zp10201,,,,
zp10202,,,,
zp10203,,,,
zp10204,,,,
zp10205,,,,
zp10206,,,,
zp10207,,,,
zp10208,,,,
zp10209,,,,
zp10210,,,,
zp10211,,,,
zp103,,,,
zp10401,,,,
zp10402,,,,
zp105,,,,
zp106,,,,
zp107,,,,
zp108,,,,
zp109,,,,
zp11,,,,
zp11001,,,,
zp11002,,,,
zp11003,,,,
zp11004,,,,
zp11005,,,,
zp11006,,,,
zp11007,,,,
zp11008,,,,
zp11009,,,,
zp11010,,,,
zp111,,,,
zp112,,,,
zp11301,,,,
zp11302,,,,
zp11401,,,,
zp11402,,,,
zp115,,,,
zp11601,,,,
zp11602,,,,
zp11701,,,,
zp11702,,,,
zp11703,,,,
zp11704,,,,
zp11801,,,,
zp11802,,,,
zp11803,,,,
zp11804,,,,
zp11805,,,,
zp11806,,,,
zp119,,,,
zp12,,,,
zp12001,,,,
zp12002,,,,
zp12003,,,,
zp12004,,,,
zp12005,,,,
zp12006,,,,
zp12007,,,,
zp12008,,,,
zp12009,,,,
zp12010,,,,
zp12011,,,,
zp12012,,,,
zp12013,,,,
zp12014,,,,
zp12015,,,,
zp12016,,,,
zp121,,,,
zp122,,,,
zp123,,,,
zp12401,,,,
zp12402,,,,
zp125,,,,
zp126,,,,
zp127,,,,
zp12801,,,,
zp12802,,,,
zp12803,,,,
zp12804,,,,
zp12805,,,,
zp12806,,,,
zp12807,,,,
zp12808,,,,
zp12809,,,,
zp12810,,,,
zp12811,,,,
zp12812,,,,
zp12813,,,,
zp12901,,,,
zp12902,,,,
zp13,,,,
zp130,,,,
zp13101,,,,
zp13102,,,,
zp13103,,,,
zp132,,,,
zp13301,,,,
zp13302,,,,
zp13303,,,,
zp13304,,,,
zp134,,,,
zp13501,,,,
zp13502,,,,
zp13601,,,,
zp13602,,,,
zp137,,,,
zp13801,,,,
zp13802,,,,
zp139,,,,
zp140,,,,
zp1401,,,,
zp1402,,,,
zp141,,,,
zp142,,,,
zp143,,,,
zp14401,,,,
zp14402,,,,
zp14403,,,,
zp145,,,,
zp146,,,,
zp147,,,,
zp148,,,,
zp149,,,,
zp15,,,,
zp150,,,,
zp151,,,,
zp152,,,,
zp153,,,,
zp15401,,,,
zp15402,,,,
zp15403,,,,
zp15404,,,,
zp15405,,,,
zp15406,,,,
zp15407,,,,
zp15408,,,,
zp15409,,,,
zp15410,,,,
zp15411,,,,
zp15412,,,,
zp15413,,,,
zp15414,,,,
zp15415,,,,
zp15416,,,,
zp15417,,,,
zp15418,,,,
zp15419,,,,
zp15420,,,,
zp15421,,,,
zp15501,,,,
zp15502,,,,
zp15503,,,,
zp15504,,,,
zp15505,,,,
zp15506,,,,
zp15507,,,,
zp15508,,,,
zp15509,,,,
zp15510,,,,
zp15511,,,,
zp15512,,,,
zp15513,,,,
zp15514,,,,
zp15515,,,,
zp15516,,,,
zp15517,,,,
zp15518,,,,
zp15519,,,,
zp15520,,,,
zp15521,,,,
zp15601,,,,
zp15602,,,,
zp15603,,,,
zp15604,,,,
zp15605,,,,
zp15606,,,,
zp15607,,,,
zp15608,,,,
zp15609,,,,
zp15610,,,,
zp15611,,,,
zp15612,,,,
zp15613,,,,
zp15614,,,,
zp15615,,,,
zp15616,,,,
zp15617,,,,
zp15618,,,,
zp15619,,,,
zp15620,,,,
zp15621,,,,
zp15622,,,,
zp15623,,,,
zp15624,,,,
zp15625,,,,
zp15626,,,,
zp15627,,,,
zp15628,,,,
zp15629,,,,
zp15630,,,,
zp15631,,,,
zp15632,,,,
zp15633,,,,
zp15634,,,,
zp15635,,,,
zp15636,,,,
zp15637,,,,
zp15701,,,,
zp15702,,,,
zp158,,,,
zp16,,,,
zp17,,,,
zp1801,,,,
zp1802,,,,
zp19,,,,
zp20,,,,
zp2101,,,,
zp2102,,,,
zp2103,,,,
zp22,,,,
zp2301,,,,
zp2302,,,,
zp2303,,,,
zp2401,,,,
zp2402,,,,
zp25,,,,
zp26,,,,
zp27,,,,
zp2801,,,,
zp2802,,,,
zp30,,,,
zp31,,,,
zp3201,,,,
zp3202,,,,
zp3203,,,,
zp3204,,,,
zp33,,,,
zp35,,,,
zp36,,,,
zp37,,,,
zp3801,,,,
zp3802,,,,
zp39,,,,
zp40,,,,
zp41,,,,
zp4201,,,,
zp4202a,,,,
zp4202b,,,,
zp4202c,,,,
zp4202d,,,,
zp4203,,,,
zp4204,,,,
zp4205,,,,
zp4206,,,,
zp43,,,,
zp44,,,,
zp45,,,,
zp46,,,,
zp47,,,,
zp4801,,,,
zp4802,,,,
zp4901,,,,
zp4902,,,,
zp50,,,,
zp51,,,,
zp52,,,,
zp5301,,,,
zp5302,,,,
zp5401,,,,
zp5402,,,,
zp5501,,,,
zp5502,,,,
zp56,,,,
zp5701,,,,
zp5702,,,,
zp58,,,,
zp5901,,,,
zp5902,,,,
zp6001,,,,
zp6002,,,,
zp6101,,,,
zp6102,,,,
zp62,,,,
zp63,,,,
zp64,,,,
zp6501,,,,
zp6502,,,,
zp6601,,,,
zp6602,,,,
zp6603,,,,
zp6604,,,,
zp6605,,,,
zp6606,,,,
zp6607,,,,
zp6608,,,,
zp6609,,,,
zp6610,,,,
zp6611,,,,
zp67,,,,
zp68,,,,
zp6901,,,,
zp6902,,,,
zp70,,,,
zp7101,,,,
zp7102,,,,
zp7103,,,,
zp7201,,,,
zp7202,,,,
zp7301,,,,
zp7302,,,,
zp7303,,,,
zp7304,,,,
zp75,,,,
zp76,,,,
zp77,,,,
zp78,,,,
zp7901,,,,
zp7902,,,,
zp7903,,,,
zp7904,,,,
zp7905,,,,
zp7906,,,,
zp7907,,,,
zp7908,,,,
zp7909,,,,
zp7910,,,,
zp7911,,,,
zp7912,,,,
zp7913,,,,
zp7914,,,,
zp7915,,,,
zp7916,,,,
zp7917,,,,
zp7918,,,,
zp7919,,,,
zp7920,,,,
zp7921,,,,
zp7922,,,,
zp8001,,,,
zp8002,,,,
zp8003,,,,
zp8004,,,,
zp81,,,,
zp82,,,,
zp8301,,,,
zp8302,,,,
zp8303,,,,
zp8304,,,,
zp8305,,,,
zp8306,,,,
zp8307,,,,
zp84,,,,
zp8501,,,,
zp8502,,,,
zp8503,,,,
zp8601,,,,
zp8602,,,,
zp87,,,,
zp8801,,,,
zp8802,,,,
zp89,,,,
zp9001,,,,
zp9002,,,,
zp9003,,,,
zp9004,,,,
zp9005,,,,
zp9006,,,,
zp9007,,,,
zp9008,,,,
zp9009,,,,
zp9010,,,,
zp9011,,,,
zp9012,,,,
zp9013,,,,
zp91a01,,,,
zp91a02,,,,
zp91a03,,,,
zp91a04,,,,
zp91b01,,,,
zp91b02,,,,
zp91b03,,,,
zp91b04,,,,
zp91c01,,,,
zp91c02,,,,
zp91c03,,,,
zp91d01,,,,
zp91d02,,,,
zp91e01,,,,
zp91e02,,,,
zp91h01,,,,
zp91h02,,,,
zp91h03,,,,
zp91j01,,,,
zp91j02,,,,
zp91j03,,,,
zp91k01,,,,
zp91k02,,,,
zp91k03,,,,
zp91l01,,,,
zp91l02,,,,
zp91l03,,,,
zp91m01,,,,
zp91m02,,,,
zp91m03,,,,
zp91n01,,,,
zp91n02,,,,
zp91n03,,,,
zp91o01,,,,
zp91o02,,,,
zp91o03,,,,
zp91p01,,,,
zp91q01,,,,
zp91q02,,,,
zp9201,,,,
zp9202,,,,
zp9203,,,,
zp9204,,,,
zp9205,,,,
zp9206,,,,
zp9207,,,,
zp9208,,,,
zp9209,,,,
zp9210,,,,
zp9211,,,,
zp9212,,,,
zp9213,,,,
zp9301,,,,
zp9302,,,,
zp9401,,,,
zp9402,,,,
zp9403,,,,
zp9404,,,,
zp9405,,,,
zp9406,,,,
zp9407,,,,
zp9408,,,,
zp9409,,,,
zp9410,,,,
zp9411,,,,
zp9412,,,,
zp9413,,,,
zp9414,,,,
zp9415,,,,
zp9416,,,,
zp9417,,,,
zp9418,,,,
zp9419,,,,
zp9420,,,,
zp95,,,,
zp9601,,,,
zp9602,,,,
zp9701,,,,
zp9702,,,,
zp98,,,,
zp9901,,,,
zp9902,,,,
zpa201,,,,
zpa202,,,,
zpa203,,,,
zpa204,,,,
zpa205,,,,
zpa3,,,,
zpa401,,,,
zpa402,,,,
zpa403,,,,
zpa404,,,,
zpa405,,,,
zpa406,,,,
zpa407,,,,
zpa408,,,,
zpa409,,,,
zpdauer1,,,,
zpdauer2,,,,
zpinta,,,,
zpintnr,,,,
zpmonin,,,,
zpnr,,,,
zptagin,,,,
